"url","title","price","product_code","country","company","options","category_code","category_name","image_urls"
"http://1020bag.com/goods/goods_view.php?goodsNo=6884","YB_771 가죽크로스백","12,100","6884","중국OEM","YB코리아","['브라운:999개남음']","['004', '004003', '004003002']","['남성', '크로스백', '중간사이즈']","http://1020bag.com/data/goods/20/01/02//6884/6884_detail_054.jpg"
"http://1020bag.com/goods/goods_view.php?goodsNo=6885","YB_770 가죽크로스백","12,100","6885","중국OEM","YB코리아","['브라운:999개남음']","['004', '004003', '004003002']","['남성', '크로스백', '중간사이즈']","http://1020bag.com/data/goods/20/01/02//6885/6885_detail_013.jpg"
"http://1020bag.com/goods/goods_view.php?goodsNo=6886","YB_769 가죽크로스백","12,100","6886","중국OEM","YB코리아","['브라운:999개남음']","['004', '004003', '004003002']","['남성', '크로스백', '중간사이즈']","http://1020bag.com/data/goods/20/01/02//6886/6886_detail_082.jpg"
"http://1020bag.com/goods/goods_view.php?goodsNo=6887","YB_768 가죽크로스백","12,100","6887","중국OEM","YB코리아","['브라운:999개남음']","['004', '004003', '004003002']","['남성', '크로스백', '중간사이즈']","http://1020bag.com/data/goods/20/01/02//6887/6887_detail_063.jpg"
"http://1020bag.com/goods/goods_view.php?goodsNo=6893","YB_8857 가죽크로스백","15,400","6893","중국OEM","YB코리아","['블랙:999개남음']","['004', '004003', '004003002']","['남성', '크로스백', '중간사이즈']","http://1020bag.com/data/goods/20/01/02//6893/6893_detail_027.jpg"
"http://1020bag.com/goods/goods_view.php?goodsNo=6894","YB_320 크로스백","13,200","6894","중국OEM","YB코리아","['블랙:999개남음', '브라운:999개남음']","['004', '004003', '004003003']","['남성', '크로스백', '작은사이즈']","http://1020bag.com/data/goods/20/01/02//6894/6894_detail_035.jpg"
"http://1020bag.com/goods/goods_view.php?goodsNo=6895","YB_1904 슬링백","6,600","6895","중국OEM","YB코리아","['블랙:999개남음', '네이비(블루):999개남음']","['006', '006005']","['캐주얼', '힙색/슬링백']","http://1020bag.com/data/goods/20/01/02//6895/6895_detail_049.jpg"
"http://1020bag.com/goods/goods_view.php?goodsNo=6896","YB_1903 슬링백","6,600","6896","중국OEM","YB코리아","['블랙:999개남음', '네이비(블루):999개남음']","['006', '006005']","['캐주얼', '힙색/슬링백']","http://1020bag.com/data/goods/20/01/02//6896/6896_detail_011.jpg"
"http://1020bag.com/goods/goods_view.php?goodsNo=6897","YB_1902 슬링백","6,600","6897","중국OEM","YB코리아","['블랙:999개남음', '네이비(블루):999개남음']","['006', '006005']","['캐주얼', '힙색/슬링백']","http://1020bag.com/data/goods/20/01/02//6897/6897_detail_094.jpg"
"http://1020bag.com/goods/goods_view.php?goodsNo=6898","YB_1901 슬링백","6,600","6898","중국OEM","YB코리아","['블랙:999개남음', '네이비(블루):999개남음']","['006', '006005']","['캐주얼', '힙색/슬링백']","http://1020bag.com/data/goods/20/01/02//6898/6898_detail_053.jpg"
"http://1020bag.com/goods/goods_view.php?goodsNo=5881","YB_1906 슬링백","7,150","5881","ASIACHINA","YB코리아","['블랙', '블루', '그린']","['001']","['전체상품보기']","http://1020bag.com/data/goods/19/07/11/5881/5881_Detail0.jpg"
"http://1020bag.com/goods/goods_view.php?goodsNo=5882","YB_1905 슬링백","7,150","5882","ASIACHINA","YB코리아","['블랙', '블루', '그린']","['001']","['전체상품보기']","http://1020bag.com/data/goods/19/07/11/5882/5882_Detail0.jpg"
"http://1020bag.com/goods/goods_view.php?goodsNo=6949","DKES_303 가죽슬링백","15,400","6949","중국OEM","디비케이","['브라운:999개남음']","['004', '004004']","['남성', '힙색/슬링백']","http://1020bag.com/data/goods/20/02/08//6949/6949_detail_081.jpg"
"http://1020bag.com/goods/goods_view.php?goodsNo=6948","DKES_305 가죽슬링백","15,400","6948","중국OEM","디비케이","['브라운:999개남음']","['004', '004004']","['남성', '힙색/슬링백']","http://1020bag.com/data/goods/20/02/08//6948/6948_detail_076.jpg"
"http://1020bag.com/goods/goods_view.php?goodsNo=6947","DKES_203 가죽크로스백(중)","14,300","6947","중국OEM","디비케이","['브라운:999개남음']","['004', '004003', '004003002']","['남성', '크로스백', '중간사이즈']","http://1020bag.com/data/goods/20/02/08//6947/6947_detail_017.jpg"
"http://1020bag.com/goods/goods_view.php?goodsNo=6946","DKES_212 가죽크로스백(중)","14,300","6946","중국OEM","디비케이","['브라운:999개남음']","['004', '004003', '004003002']","['남성', '크로스백', '중간사이즈']","http://1020bag.com/data/goods/20/02/08//6946/6946_detail_02.jpg"
"http://1020bag.com/goods/goods_view.php?goodsNo=6945","DKES_217 가죽크로스백(중)","14,300","6945","중국OEM","디비케이","['브라운:999개남음']","['004', '004003', '004003002']","['남성', '크로스백', '중간사이즈']","http://1020bag.com/data/goods/20/02/08//6945/6945_detail_091.jpg"
"http://1020bag.com/goods/goods_view.php?goodsNo=6944","DKES_306 가죽미니백","7,700","6944","중국OEM","디비케이","['브라운:999개남음']","['004', '004003', '004003003']","['남성', '크로스백', '작은사이즈']","http://1020bag.com/data/goods/20/02/08//6944/6944_detail_099.jpg"
"http://1020bag.com/goods/goods_view.php?goodsNo=6943","DKES_308 가죽미니백","7,700","6943","중국OEM","디비케이","['브라운:999개남음']","['004', '004003', '004003003']","['남성', '크로스백', '작은사이즈']","http://1020bag.com/data/goods/20/02/08//6943/6943_detail_043.jpg"
"http://1020bag.com/goods/goods_view.php?goodsNo=6942","DKES_348 가죽미니백","7,700","6942","중국OEM","디비케이","['브라운:999개남음']","['004', '004003', '004003003']","['남성', '크로스백', '작은사이즈']","http://1020bag.com/data/goods/20/02/08//6942/6942_detail_05.jpg"
"http://1020bag.com/goods/goods_view.php?goodsNo=6941","DKES_2356 가죽미니백","7,700","6941","중국OEM","디비케이","['브라운:999개남음']","['004', '004003', '004003003']","['남성', '크로스백', '작은사이즈']","http://1020bag.com/data/goods/20/02/08//6941/6941_detail_026.jpg"
"http://1020bag.com/goods/goods_view.php?goodsNo=6939","BM_9029 오일지서류가방","35,200","6939","중국OEM","블루마운트","['브라운:999개남음']","['004', '004001']","['남성', '서류가방']","http://1020bag.com/data/goods/20/02/07//6939/6939_detail_061.jpg"
"http://1020bag.com/goods/goods_view.php?goodsNo=6940","BM_9023 오일지서류가방","35,200","6940","중국OEM","블루마운트","['브라운:999개남음']","['004', '004001']","['남성', '서류가방']","http://1020bag.com/data/goods/20/02/07//6940/6940_detail_022.jpg"
"http://1020bag.com/goods/goods_view.php?goodsNo=6934","BM_JT91007F 슬링백","15,400","6934","중국OEM","블루마운트","['네이비:999개남음', '블루그린(CYAN):999개남음']","['006', '006005']","['캐주얼', '힙색/슬링백']","http://1020bag.com/data/goods/20/02/07//6934/6934_detail_02.jpg"
"http://1020bag.com/goods/goods_view.php?goodsNo=6935","BM_JT91007E 슬링백","15,400","6935","중국OEM","블루마운트","['네이비:999개남음', '블루그린(CYAN):999개남음']","['006', '006005']","['캐주얼', '힙색/슬링백']","http://1020bag.com/data/goods/20/02/07//6935/6935_detail_052.jpg"
"http://1020bag.com/goods/goods_view.php?goodsNo=6933","BM_MC3001 가죽중지갑","15,400","6933","중국OEM","미콘","['블랙:999개남음']","['021', '021004']","['지갑/벨트', '중지갑']","http://1020bag.com/data/goods/20/02/07//6933/6933_detail_035.jpg"
"http://1020bag.com/goods/goods_view.php?goodsNo=6932","BM_MC3011 가죽중지갑","15,400","6932","중국OEM","미콘","['블랙:999개남음']","['021']","['지갑/벨트']","http://1020bag.com/data/goods/20/02/07//6932/6932_detail_095.jpg"
"http://1020bag.com/goods/goods_view.php?goodsNo=6931","BM_MC3021 가죽중지갑","15,400","6931","중국OEM","미콘","['블랙:999개남음']","['021', '021004']","['지갑/벨트', '중지갑']","http://1020bag.com/data/goods/20/02/07//6931/6931_detail_058.jpg"
"http://1020bag.com/goods/goods_view.php?goodsNo=6930","BM_MC2001 가죽반지갑","15,400","6930","중국OEM","미콘","['블랙:999개남음']","['021']","['지갑/벨트']","http://1020bag.com/data/goods/20/02/07//6930/6930_detail_047.jpg"
"http://1020bag.com/goods/goods_view.php?goodsNo=6929","BM_MC2011 가죽반지갑","15,400","6929","중국OEM","미콘","['블랙:999개남음']","['021', '021005']","['지갑/벨트', '반지갑']","http://1020bag.com/data/goods/20/02/07//6929/6929_detail_074.jpg"
"http://1020bag.com/goods/goods_view.php?goodsNo=6928","BM_MC2021 가죽반지갑","15,400","6928","중국OEM","미콘","['블랙:999개남음']","['021', '021005']","['지갑/벨트', '반지갑']","http://1020bag.com/data/goods/20/02/07//6928/6928_detail_083.jpg"
"http://1020bag.com/goods/goods_view.php?goodsNo=6926","BO_FBA772 여성백팩","59,400","6926","중국OEM","BOPAI","['BLACK:999개남음']","['003', '003001', '003001001']","['여성', '백팩', '정장']","http://1020bag.com/data/goods/20/02/07//6926/6926_detail_08.jpg"
"http://1020bag.com/goods/goods_view.php?goodsNo=6925","BO_FBA673 여성백팩","44,000","6925","중국OEM","BOPAI","['BLACK:999개남음']","['003', '003001', '003001001']","['여성', '백팩', '정장']","http://1020bag.com/data/goods/20/02/07//6925/6925_detail_075.jpg"
"http://1020bag.com/goods/goods_view.php?goodsNo=6924","BO_BA651 가죽백팩","147,400","6924","중국","BOPAI","['블랙:999개남음']","['004', '004005']","['남성', '백팩']","http://1020bag.com/data/goods/20/02/07//6924/6924_detail_033.jpg"
"http://1020bag.com/goods/goods_view.php?goodsNo=6923","BO_BA611 백팩","81,400","6923","중국","BOPAI","['블랙:999개남음']","['004', '004005']","['남성', '백팩']","http://1020bag.com/data/goods/20/02/07//6923/6923_detail_094.jpg"
"http://1020bag.com/goods/goods_view.php?goodsNo=6906","BM_S1820 메신저백","31,900","6906","중국OEM","BM상사","['블랙:999개남음', '그린:999개남음']","['006', '006004', '006004001']","['캐주얼', '크로스백', '큰사이즈']","http://1020bag.com/data/goods/20/01/05//6906/6906_detail_057.jpg"
"http://1020bag.com/goods/goods_view.php?goodsNo=6855","GE_5903 캐리어커버(20인치)","10,120","6855","중국OEM","제노바","['캐리어커버(20인치):100개남음']","['005', '005001']","['여행', '캐리어']","http://1020bag.com/data/goods/19/12/52//6855/register_detail_079.jpg"
"http://1020bag.com/goods/goods_view.php?goodsNo=6854","GE_5905 캐리어커버(28인치)","13,200","6854","중국OEM","제노바","['캐리어커버(28인치):100개남음']","['005', '005001']","['여행', '캐리어']","http://1020bag.com/data/goods/19/12/52//6854/register_detail_015.jpg"
"http://1020bag.com/goods/goods_view.php?goodsNo=6853","GE_5904 캐리어커버(24인치)","11,000","6853","중국OEM","제노바","['캐리어커버(24인치)']","['005', '005001']","['여행', '캐리어']","http://1020bag.com/data/goods/19/12/52//6853/register_detail_013.jpg"
"http://1020bag.com/goods/goods_view.php?goodsNo=6667","AO_SW89016 보스턴 백팩","39,600","6667","중국OEM","에이오킹","['BLACK/일시품절/재입고미정[일시품절]']","['002017']","['AOKING 에이오킹']","http://1020bag.com/data/goods/19/12/52//6667/register_detail_099.jpg"
"http://1020bag.com/goods/goods_view.php?goodsNo=6666","GE_002 백팩","9,900","6666","중국OEM","제노바","['블랙/일시품절/재입고미정[일시품절]', '브라운', '그레이']","['004', '004005']","['남성', '백팩']","http://1020bag.com/data/goods/19/12/52//6666/register_detail_060.jpg"
"http://1020bag.com/goods/goods_view.php?goodsNo=6665","BM_F0660 카드지갑","7,700","6665","중국OEM","블루마운트","['블랙:999개남음', '네이비:999개남음', '레드:999개남음', '다크브라운:999개남음', '라이트브라운:999개남음']","['021', '021003']","['지갑/벨트', '카드지갑']","http://1020bag.com/data/goods/19/12/52//6665/register_detail_036.jpg"
"http://1020bag.com/goods/goods_view.php?goodsNo=6664","AO_BN77266 백팩","30,800","6664","중국OEM","AOKING","['BLACK:999개남음', 'GRAY:999개남음']","['001']","['전체상품보기']","http://1020bag.com/data/goods/19/12/52//6664/register_detail_088.jpg"
"http://1020bag.com/goods/goods_view.php?goodsNo=6663","AO_SLX67511 18인치 기내용 캐리어/배송비별도","55,000","6663","ASIACHINA","에이오킹","['BLACK:999개남음', 'NAVY:999개남음']","['005', '005001']","['여행', '캐리어']","http://1020bag.com/data/goods/19/12/52//6663/register_detail_099.jpg"
"http://1020bag.com/goods/goods_view.php?goodsNo=6318","TRD_CA3729 백팩","8,800","6318","중국OEM","지앤비","['블랙--1개남음/일시품절/재입고미정', '다크그레이(연검정)/일시품절/재입고미정[일시품절]', '네이비:무한', '그레이--1개남음/일시품절/재입고미정']","['009']","['신상품']","http://1020bag.com/data/goods/19/12/51//6318/6318_detail_090.jpg"
"http://1020bag.com/goods/goods_view.php?goodsNo=6317","TRD_CA3732 확장백팩","8,800","6317","중국OEM","지앤비","['블랙:999개남음', '네이비:999개남음', '그레이:999개남음']","['009']","['신상품']","http://1020bag.com/data/goods/19/12/51//6317/6317_detail_040.jpg"
"http://1020bag.com/goods/goods_view.php?goodsNo=6316","TRD_CA3733 백팩","8,800","6316","중국OEM","지앤비","['블랙:999개남음', '네이비:999개남음', '그레이:999개남음']","['009']","['신상품']","http://1020bag.com/data/goods/19/12/51//6316/6316_detail_090.jpg"
"http://1020bag.com/goods/goods_view.php?goodsNo=6315","TRD_CA3734 백팩","8,800","6315","중국OEM","지앤비","['블랙', '네이비:999개남음', '그레이:999개남음']","['009']","['신상품']","http://1020bag.com/data/goods/19/12/51//6315/6315_detail_055.jpg"
"http://1020bag.com/goods/goods_view.php?goodsNo=6314","TRD_CA3739 백팩","8,800","6314","중국OEM","지앤비코리아","['블랙:999개남음', '네이비:999개남음', '그레이:999개남음']","['009']","['신상품']","http://1020bag.com/data/goods/19/12/51//6314/6314_detail_057.jpg"
"http://1020bag.com/goods/goods_view.php?goodsNo=6313","URB_화성 백팩","14,300","6313","중국OEM","SLICKKOREA","['블랙--5개남음/일시품절/재입고미정', '아이보리/일시품절/3월중입고예정[일시품절]']","['009']","['신상품']","http://1020bag.com/data/goods/19/12/51//6313/6313_detail_078.jpg"
"http://1020bag.com/goods/goods_view.php?goodsNo=6312","URB_덮개 백팩","15,400","6312","중국OEM","SLICKKOREA","['블랙--5개남음/일시품절/재입고미정', '라이트그레이:무한']","['009']","['신상품']","http://1020bag.com/data/goods/19/12/51//6312/6312_detail_030.jpg"
"http://1020bag.com/goods/goods_view.php?goodsNo=6311","URB_투포켓크로스 크로스백","12,100","6311","중국OEM","SLICKKOREA","['블랙/일시품절/3월중입고예정[일시품절]']","['009']","['신상품']","http://1020bag.com/data/goods/19/12/51//6311/6311_detail_048.jpg"
"http://1020bag.com/goods/goods_view.php?goodsNo=6936","BM_LX011 가죽 핸드폰미니백","17,600","6936","중국OEM","BM상사","['다크브라운:999개남음', '라이트브라운:999개남음']","['006', '006004', '006004003']","['캐주얼', '크로스백', '작은사이즈']","http://1020bag.com/data/goods/20/02/07//6936/6936_detail_042.jpg"
"http://1020bag.com/goods/goods_view.php?goodsNo=6937","BM_LX10_1 가죽 핸드폰미니백 힙색","20,900","6937","중국OEM","BM상사","['다크브라운:999개남음', '라이트브라운:999개남음']","['006', '006004', '006004003']","['캐주얼', '크로스백', '작은사이즈']","http://1020bag.com/data/goods/20/02/07//6937/6937_detail_096.jpg"
"http://1020bag.com/goods/goods_view.php?goodsNo=6938","BM_7504 가죽크로스백","26,400","6938","중국OEM","블루마운트","['브라운:999개남음']","['006', '006004', '006004003']","['캐주얼', '크로스백', '작은사이즈']","http://1020bag.com/data/goods/20/02/07//6938/6938_detail_08.jpg"
"http://1020bag.com/goods/goods_view.php?goodsNo=6927","BO_FBA922 여성백팩","49,500","6927","중국OEM","BOPAI","['BLACK:999개남음']","['009']","['신상품']","http://1020bag.com/data/goods/20/02/07//6927/6927_detail_086.jpg"
"http://1020bag.com/goods/goods_view.php?goodsNo=6921","URB_트래블 보스턴백","15,400","6921","중국OEM","SLICKKOREA","['블랙--2개남음/일시품절/재입고미정']","['005', '005003']","['여행', '보스턴가방']","http://1020bag.com/data/goods/20/01/05//6921/6921_detail_054.jpg"
"http://1020bag.com/goods/goods_view.php?goodsNo=6909","BM_5020 가죽힙색","20,900","6909","중국OEM","BM상사","['블랙:999개남음', '브라운:999개남음']","['004', '004004']","['남성', '힙색/슬링백']","http://1020bag.com/data/goods/20/01/05//6909/6909_detail_044.jpg"
"http://1020bag.com/goods/goods_view.php?goodsNo=6908","BM_3018 가죽크로스백","34,100","6908","중국OEM","BM상사","['블랙:999개남음', '브라운:999개남음']","['004', '004003', '004003002']","['남성', '크로스백', '중간사이즈']","http://1020bag.com/data/goods/20/01/05//6908/6908_detail_044.jpg"
"http://1020bag.com/goods/goods_view.php?goodsNo=6907","BM_S6896 메신저백","26,400","6907","중국OEM","BM상사","['블랙:999개남음', '그린:999개남음']","['006', '006004', '006004002']","['캐주얼', '크로스백', '중간사이즈']","http://1020bag.com/data/goods/20/01/05//6907/6907_detail_058.jpg"
"http://1020bag.com/goods/goods_view.php?goodsNo=6918","BM_TSC05 통가죽벨트","15,400","6918","대한민국","BM상사","['블랙:999개남음', '다크브라운:999개남음', '라이트브라운:999개남음', '네이비:999개남음', '화이트:999개남음']","['021', '021002']","['지갑/벨트', '벨트']","http://1020bag.com/data/goods/20/01/05//6918/6918_detail_071.jpg"
"http://1020bag.com/goods/goods_view.php?goodsNo=6919","BM_TSC04 통가죽벨트","15,400","6919","대한민국","BM상사","['블랙:무한', '다크브라운:무한', '라이트브라운:999개남음', '네이비:999개남음', '화이트:999개남음']","['021', '021002']","['지갑/벨트', '벨트']","http://1020bag.com/data/goods/20/01/05//6919/6919_detail_014.jpg"
"http://1020bag.com/goods/goods_view.php?goodsNo=6917","BM_TSC06 통가죽벨트","15,400","6917","대한민국","BM상사","['블랙:999개남음', '다크브라운:999개남음', '라이트브라운:999개남음', '네이비:999개남음', '화이트:999개남음']","['021', '021002']","['지갑/벨트', '벨트']","http://1020bag.com/data/goods/20/01/05//6917/6917_detail_075.jpg"
"http://1020bag.com/goods/goods_view.php?goodsNo=6916","BM_TSC07 통가죽벨트","15,400","6916","대한민국","BM상사","['블랙:999개남음', '다크브라운:999개남음', '라이트브라운:999개남음', '네이비:999개남음', '화이트:999개남음']","['021', '021002']","['지갑/벨트', '벨트']","http://1020bag.com/data/goods/20/01/05//6916/6916_detail_02.jpg"
"http://1020bag.com/goods/goods_view.php?goodsNo=6915","BM_TSC08 통가죽벨트","15,400","6915","대한민국","BM상사","['블랙:999개남음', '다크브라운:999개남음', '라이트브라운:999개남음', '네이비:999개남음', '화이트:999개남음']","['021', '021002']","['지갑/벨트', '벨트']","http://1020bag.com/data/goods/20/01/05//6915/6915_detail_016.jpg"
"http://1020bag.com/goods/goods_view.php?goodsNo=6914","BM_TSC14 통가죽벨트","15,400","6914","대한민국","BM상사","['블랙:999개남음', '다크브라운:999개남음', '라이트브라운:999개남음', '네이비:999개남음', '화이트:999개남음']","['021', '021002']","['지갑/벨트', '벨트']","http://1020bag.com/data/goods/20/01/05//6914/6914_detail_033.jpg"
"http://1020bag.com/goods/goods_view.php?goodsNo=6913","BM_TSC15 통가죽벨트","15,400","6913","대한민국","BM상사","['블랙:999개남음', '다크브라운:999개남음', '라이트브라운:999개남음', '네이비:999개남음', '화이트:999개남음']","['021', '021002']","['지갑/벨트', '벨트']","http://1020bag.com/data/goods/20/01/05//6913/6913_detail_036.jpg"
"http://1020bag.com/goods/goods_view.php?goodsNo=6912","BM_TSC26 통가죽벨트","15,400","6912","대한민국","BM상사","['블랙:무한', '다크브라운:무한', '라이트브라운:무한', '네이비--1개남음/일시품절/재입고미정', '화이트:무한']","['021', '021002']","['지갑/벨트', '벨트']","http://1020bag.com/data/goods/20/01/05//6912/6912_detail_074.jpg"
"http://1020bag.com/goods/goods_view.php?goodsNo=6911","BM_TSC27 통가죽벨트","15,400","6911","대한민국","BM상사","['블랙:999개남음', '다크브라운:999개남음', '라이트브라운:999개남음', '네이비:999개남음', '화이트:999개남음']","['021', '021002']","['지갑/벨트', '벨트']","http://1020bag.com/data/goods/20/01/05//6911/6911_detail_092.jpg"
"http://1020bag.com/goods/goods_view.php?goodsNo=6910","BM_TSC28 통가죽벨트(슬림)","15,400","6910","대한민국","BM상사","['블랙--2개남음/일시품절/재입고미정', '다크브라운:무한', '라이트브라운:무한', '네이비:무한', '화이트:무한']","['021', '021002']","['지갑/벨트', '벨트']","http://1020bag.com/data/goods/20/01/05//6910/6910_detail_080.jpg"
"http://1020bag.com/goods/goods_view.php?goodsNo=6860","TRD_SU3728 크로스백","5,500","6860","중국OEM","지앤비코리아","['블랙:999개남음', '네이비:999개남음', '그레이:999개남음', '레드:999개남음']","['006', '006004', '006004003']","['캐주얼', '크로스백', '작은사이즈']","http://1020bag.com/data/goods/20/01/01//6860/6860_detail_026.jpg"
"http://1020bag.com/goods/goods_view.php?goodsNo=6862","TRD_SU3724 크로스백","5,500","6862","중국OEM","지앤비코리아","['블랙:999개남음', '네이비:999개남음', '그레이:999개남음', '레드:999개남음']","['006', '006004', '006004003']","['캐주얼', '크로스백', '작은사이즈']","http://1020bag.com/data/goods/20/01/01//6862/6862_detail_031.jpg"
"http://1020bag.com/goods/goods_view.php?goodsNo=6861","TRD_SU3726 힙색","7,700","6861","중국OEM","지앤비코리아","['블랙/일시품절/재입고미정[일시품절]', '네이비--1개남음/일시품절/재입고미정', '그레이/일시품절/재입고미정[일시품절]', '레드:999개남음']","['006', '006005']","['캐주얼', '힙색/슬링백']","http://1020bag.com/data/goods/20/01/01//6861/6861_detail_079.jpg"
"http://1020bag.com/goods/goods_view.php?goodsNo=5395","GE_3132 물병힙색/디자인변경(01/17)","12,650","5395","ASIACHINA","제노바","['블랙/품절/재입고없음[일시품절]', '블루/품절/재입고없음[일시품절]', '레드--1개남음/일시품절/재입고미정:무한', '퍼플/일시품절/재입고미정[일시품절]', '그린/일시품절/재입고미정[일시품절]', '핑크/일시품절/재입고미정[일시품절]']","['006', '006005']","['캐주얼', '힙색/슬링백']","http://1020bag.com/data/goods/19/01/25/5395/5395_Detail0.jpg"
"http://1020bag.com/goods/goods_view.php?goodsNo=6905","URB_멀티 소 크로스백","8,800","6905","중국OEM","SLICKKOREA","['블랙:무한', '카키--1개남음/일시품절/재입고미정']","['006', '006004', '006004003']","['캐주얼', '크로스백', '작은사이즈']","http://1020bag.com/data/goods/20/01/03//6905/6905_detail_042.jpg"
"http://1020bag.com/goods/goods_view.php?goodsNo=6904","URB_가죽3칸 소가죽여성백","16,500","6904","중국OEM","SLICKKOREA","['블랙/일시품절/3월중입고예정[일시품절]', '브라운(타프)/일시품절/3월중입고예정[일시품절]', '네이비/일시품절/3월중입고예정[일시품절]', '그린/일시품절/3월중입고예정[일시품절]', '탄/일시품절/3월중입고예정[일시품절]']","['003', '003002']","['여성', '여성핸드백']","http://1020bag.com/data/goods/20/01/03//6904/6904_detail_089.jpg"
"http://1020bag.com/goods/goods_view.php?goodsNo=6903","TRD_CA3730 백팩","8,800","6903","중국OEM","지앤비코리아","['다크그레이(연검정):999개남음', '네이비:999개남음', '그레이:999개남음']","['006', '006001']","['캐주얼', '백팩']","http://1020bag.com/data/goods/20/01/03//6903/6903_detail_041.jpg"
"http://1020bag.com/goods/goods_view.php?goodsNo=6877","TRD_CA3735 백팩","8,800","6877","중국OEM","지앤비코리아","['다크그레이(연검정):999개남음', '네이비:999개남음', '그레이:999개남음']","['006', '006001']","['캐주얼', '백팩']","http://1020bag.com/data/goods/20/01/02//6877/6877_detail_039.jpg"
"http://1020bag.com/goods/goods_view.php?goodsNo=6902","URB_덮개2 백팩","15,400","6902","중국OEM","SLICKKOREA","['블랙/일시품절/3월중입고예정[일시품절]', '그레이:무한']","['003', '003001', '003001004']","['여성', '백팩', '여학생']","http://1020bag.com/data/goods/20/01/03//6902/6902_detail_072.jpg"
"http://1020bag.com/goods/goods_view.php?goodsNo=6901","URB_하루 백팩","14,300","6901","중국OEM","URBANBROS","['블랙/일시품절/3월중입고예정[일시품절]', '아이보리/일시품절/3월중입고예정[일시품절]', '블루/일시품절/3월중입고예정[일시품절]']","['003', '003001', '003001004']","['여성', '백팩', '여학생']","http://1020bag.com/data/goods/20/01/03//6901/6901_detail_057.jpg"
"http://1020bag.com/goods/goods_view.php?goodsNo=6891","YB_6011 클러치백","5,500","6891","중국OEM","YB코리아","['블랙:무한', '브라운']","['004', '004006']","['남성', '클러치백']","http://1020bag.com/data/goods/20/01/02//6891/6891_detail_01.jpg"
"http://1020bag.com/goods/goods_view.php?goodsNo=6892","YB_6010 클러치백","5,500","6892","중국OEM","YB코리아","['블랙:999개남음', '브라운:999개남음']","['004', '004006']","['남성', '클러치백']","http://1020bag.com/data/goods/20/01/02//6892/6892_detail_056.jpg"
"http://1020bag.com/goods/goods_view.php?goodsNo=6890","YB_6012 클러치백","5,500","6890","중국OEM","YB코리아","['블랙:999개남음', '브라운:999개남음']","['004', '004006']","['남성', '클러치백']","http://1020bag.com/data/goods/20/01/02//6890/6890_detail_098.jpg"
"http://1020bag.com/goods/goods_view.php?goodsNo=6889","YB_6014 클러치백","5,500","6889","중국OEM","YB코리아","['블랙:999개남음', '브라운:999개남음']","['004', '004006']","['남성', '클러치백']","http://1020bag.com/data/goods/20/01/02//6889/6889_detail_08.jpg"
"http://1020bag.com/goods/goods_view.php?goodsNo=6888","YB_6015 클러치백","5,500","6888","중국OEM","YB코리아","['블랙:999개남음', '브라운:999개남음']","['004', '004006']","['남성', '클러치백']","http://1020bag.com/data/goods/20/01/02//6888/6888_detail_087.jpg"
"http://1020bag.com/goods/goods_view.php?goodsNo=6883","YB_7041 세로 크로스백","25,300","6883","중국OEM","YB코리아","['블랙:999개남음']","['004']","['남성']","http://1020bag.com/data/goods/20/01/02//6883/6883_detail_098.jpg"
"http://1020bag.com/goods/goods_view.php?goodsNo=6880","YB_7041_1 가로 크로스백","27,500","6880","중국OEM","YB코리아","['블랙:999개남음']","['004', '004003', '004003002']","['남성', '크로스백', '중간사이즈']","http://1020bag.com/data/goods/20/01/02//6880/6880_detail_02.jpg"
"http://1020bag.com/goods/goods_view.php?goodsNo=6882","YB_7042 세로 크로스백","25,300","6882","중국OEM","YB코리아","['블랙:999개남음']","['004', '004003', '004003002']","['남성', '크로스백', '중간사이즈']","http://1020bag.com/data/goods/20/01/02//6882/6882_detail_055.jpg"
"http://1020bag.com/goods/goods_view.php?goodsNo=6879","YB_7042_1 가로 크로스백","27,500","6879","중국OEM","YB코리아","['블랙:999개남음']","['004', '004003', '004003002']","['남성', '크로스백', '중간사이즈']","http://1020bag.com/data/goods/20/01/02//6879/6879_detail_038.jpg"
"http://1020bag.com/goods/goods_view.php?goodsNo=6881","YB_7043 세로 크로스백","25,300","6881","중국OEM","YB코리아","['블랙:999개남음']","['004', '004003', '004003002']","['남성', '크로스백', '중간사이즈']","http://1020bag.com/data/goods/20/01/02//6881/6881_detail_032.jpg"
"http://1020bag.com/goods/goods_view.php?goodsNo=6878","YB_7043_1 가로 크로스백","27,500","6878","중국OEM","YB코리아","['블랙:999개남음']","['004', '004003', '004003002']","['남성', '크로스백', '중간사이즈']","http://1020bag.com/data/goods/20/01/02//6878/6878_detail_019.jpg"
"http://1020bag.com/goods/goods_view.php?goodsNo=5887","YB_763 가죽크로스백 /색상추가(1/13)","12,100","5887","ASIACHINA","YB코리아","['블랙', '브라운']","['004', '004003', '004003002']","['남성', '크로스백', '중간사이즈']","http://1020bag.com/data/goods/19/07/11/5887/5887_detail_038.jpg"
"http://1020bag.com/goods/goods_view.php?goodsNo=5886","YB_764 가죽크로스백 /색상추가(1/13)","12,100","5886","ASIACHINA","YB코리아","['블랙', '브라운']","['004', '004003', '004003002']","['남성', '크로스백', '중간사이즈']","http://1020bag.com/data/goods/19/07/11/5886/5886_detail_043.jpg"
"http://1020bag.com/goods/goods_view.php?goodsNo=5883","YB_767 가죽크로스백 /색상추가(1/13)","12,100","5883","ASIACHINA","YB코리아","['블랙', '브라운']","['004', '004003', '004003002']","['남성', '크로스백', '중간사이즈']","http://1020bag.com/data/goods/19/07/11/5883/5883_detail_076.jpg"
"http://1020bag.com/goods/goods_view.php?goodsNo=6130","KM_K025 에코토드백","8,800","6130","ETC","케이모드","['네이비다이아몬드', '자주격자', '그레이라인', '브라운버블', '레드사각']","['001']","['전체상품보기']","http://1020bag.com/data/goods/19/11/07/6130/6130_detail_03.jpg"
"http://1020bag.com/goods/goods_view.php?goodsNo=6295","DKES_8821L 가죽서류가방","34,100","6295","중국OEM","디비케이","['블랙:999개남음']","['004', '004001']","['남성', '서류가방']","http://1020bag.com/data/goods/19/12/50//6295/6295_detail_099.jpg"
"http://1020bag.com/goods/goods_view.php?goodsNo=6293","DKES_9813_3 서류가방","38,500","6293","중국OEM","디비케이","['블랙:999개남음', '브라운:999개남음']","['004', '004001']","['남성', '서류가방']","http://1020bag.com/data/goods/19/12/50//6293/modify_detail_097.jpg"
"http://1020bag.com/goods/goods_view.php?goodsNo=6291","DKES_7028_3 서류가방","38,500","6291","중국OEM","디비케이","['블랙:999개남음', '브라운:999개남음']","['004', '004001']","['남성', '서류가방']","http://1020bag.com/data/goods/19/12/50//6291/6291_detail_081.jpg"
"http://1020bag.com/goods/goods_view.php?goodsNo=6292","DKES_8932_3 서류가방","38,500","6292","중국OEM","디비케이","['블랙:999개남음', '브라운:999개남음']","['004', '004001']","['남성', '서류가방']","http://1020bag.com/data/goods/19/12/50//6292/modify_detail_014.jpg"
"http://1020bag.com/goods/goods_view.php?goodsNo=6290","DKES_8991_3 서류가방","38,500","6290","중국OEM","디비케이","['블랙:999개남음', '브라운:999개남음']","['004', '004001']","['남성', '서류가방']","http://1020bag.com/data/goods/19/12/50//6290/modify_detail_062.jpg"
"http://1020bag.com/goods/goods_view.php?goodsNo=6294","DKES_6670_3 서류가방","38,500","6294","중국OEM","디비케이","['블랙--1개남음/일시품절/재입고미정', '블루:무한']","['004', '004001']","['남성', '서류가방']","http://1020bag.com/data/goods/19/12/50//6294/6294_detail_036.jpg"
"http://1020bag.com/goods/goods_view.php?goodsNo=6856","TRD_CA3738 백팩","8,800","6856","중국OEM","지앤비코리아","['다크그레이:999개남음', '네이비:999개남음', '그레이:999개남음']","['006', '006001']","['캐주얼', '백팩']","http://1020bag.com/data/goods/19/12/01//6856/6856_detail_063.jpg"
"http://1020bag.com/goods/goods_view.php?goodsNo=6857","TRD_CA3737 백팩","8,800","6857","중국OEM","지앤비코리아","['다크그레이:999개남음', '네이비:999개남음', '그레이:999개남음']","['006', '006001']","['캐주얼', '백팩']","http://1020bag.com/data/goods/19/12/01//6857/6857_detail_036.jpg"
"http://1020bag.com/goods/goods_view.php?goodsNo=6858","TRD_CA3736 백팩","8,800","6858","중국OEM","지앤비코리아","['다크그레이', '네이비:999개남음', '그레이:999개남음']","['009']","['신상품']","http://1020bag.com/data/goods/19/12/01//6858/6858_detail_04.jpg"
"http://1020bag.com/goods/goods_view.php?goodsNo=6859","TRD_CA3731 백팩","8,800","6859","중국OEM","지앤비코리아","['다크그레이:999개남음', '네이비:999개남음', '그레이:999개남음']","['006', '006001']","['캐주얼', '백팩']","http://1020bag.com/data/goods/19/12/01//6859/6859_detail_09.jpg"
"http://1020bag.com/goods/goods_view.php?goodsNo=6182","DKES_1916 슬링백","8,800","6182","중국OEM","디비케이","['블랙플라워', '네이비나비', '코랄민트', '그레이쉐도우']","['003', '003010']","['여성', '여성크로스백']","http://1020bag.com/data/goods/19/11/47//6182/6182_detail_021.jpg"
"http://1020bag.com/goods/goods_view.php?goodsNo=6179","DKES_1930 백팩","11,000","6179","중국OEM","디비케이","['블랙플라워', '네이비나비', '코랄민트', '그레이쉐도우']","['003', '003001']","['여성', '백팩']","http://1020bag.com/data/goods/19/11/47//6179/6179_detail_067.jpg"
"http://1020bag.com/goods/goods_view.php?goodsNo=6668","URB_1901 백팩","22,000","6668","중국OEM","SLICKKOREA","['블랙/일시품절/재입고미정[일시품절]']","['004', '004005']","['남성', '백팩']","http://1020bag.com/data/goods/19/12/52//6668/6668_detail_031.jpg"
"http://1020bag.com/goods/goods_view.php?goodsNo=6852","URB_삼공일301 백팩","14,300","6852","중국OEM","SLICKKOREA","['블랙--2개남음/일시품절/재입고미정']","['003', '003001']","['여성', '백팩']","http://1020bag.com/data/goods/19/12/52//6852/6852_detail_093.jpg"
"http://1020bag.com/goods/goods_view.php?goodsNo=6851","URB_인형숄더 숄더백","12,100","6851","중국OEM","SLICKKOREA","['블랙:999개남음', '아이보리:999개남음']","['003', '003007']","['여성', '숄더/쇼퍼백']","http://1020bag.com/data/goods/19/12/52//6851/6851_detail_011.jpg"
"http://1020bag.com/goods/goods_view.php?goodsNo=6850","DKES_305 쌍지퍼카드지갑","7,700","6850","중국OEM","디비케이","['블랙:999개남음', '그레이:999개남음', '다크브라운:999개남음', '블루(네이비):999개남음', '라이트브라운:999개남음', '레드:999개남음', '핑크:999개남음', '오렌지:999개남음']","['021', '021003']","['지갑/벨트', '카드지갑']","http://1020bag.com/data/goods/19/12/52//6850/6850_detail_082.jpg"
"http://1020bag.com/goods/goods_view.php?goodsNo=6186","DKES_802A 오일지 반지갑","7,700","6186","중국OEM","디비케이","['다크브라운:999개남음']","['004']","['남성']","http://1020bag.com/data/goods/19/11/47//6186/modify_detail_056.jpg"
"http://1020bag.com/goods/goods_view.php?goodsNo=6183","DKES_803B 오일지 중지갑","7,700","6183","중국OEM","디비케이","['라이트브라운:999개남음']","['004']","['남성']","http://1020bag.com/data/goods/19/11/47//6183/modify_detail_022.jpg"
"http://1020bag.com/goods/goods_view.php?goodsNo=6184","DKES_803A 오일지 반지갑","7,700","6184","중국OEM","디비케이","['다크브라운:999개남음']","['004']","['남성']","http://1020bag.com/data/goods/19/11/47//6184/modify_detail_047.jpg"
"http://1020bag.com/goods/goods_view.php?goodsNo=6185","DKES_802B 오일지 중지갑","7,700","6185","중국OEM","디비케이","['라이트브라운:999개남음']","['004']","['남성']","http://1020bag.com/data/goods/19/11/47//6185/modify_detail_010.jpg"
"http://1020bag.com/goods/goods_view.php?goodsNo=6181","DKES_1509# 소가죽반지갑","11,000","6181","중국OEM","디비케이","['블랙:999개남음', '그레이:999개남음', '레드:999개남음', '라이트핑크:999개남음']","['003']","['여성']","http://1020bag.com/data/goods/19/11/47//6181/6181_detail_022.jpg"
"http://1020bag.com/goods/goods_view.php?goodsNo=6178","GE_005 백팩(USB장착)","11,000","6178","중국OEM","GENOVA","['블랙/일시품절/재입고미정[일시품절]', '네이비:무한', '브라운--1개남음/일시품절/재입고미정']","['004']","['남성']","http://1020bag.com/data/goods/19/11/47//6178/modify_detail_012.jpg"
"http://1020bag.com/goods/goods_view.php?goodsNo=6296","BM_S0011 크로스백","15,400","6296","중국OEM","블루마운트","['블랙', '네이비', '그레이', '브라운']","['006', '006004']","['캐주얼', '크로스백']","http://1020bag.com/data/goods/19/12/50//6296/register_detail_01.jpg"
"http://1020bag.com/goods/goods_view.php?goodsNo=6297","BM_TY6606 슬링백","12,100","6297","중국OEM","블루마운트","['블랙', '네이비', '그레이']","['004']","['남성']","http://1020bag.com/data/goods/19/12/50//6297/register_detail_076.jpg"
"http://1020bag.com/goods/goods_view.php?goodsNo=6298","BM_TY6605 슬링백","12,100","6298","중국OEM","블루마운트","['블랙', '네이비/일시품절/재입고미정[일시품절]', '그레이']","['004']","['남성']","http://1020bag.com/data/goods/19/12/50//6298/register_detail_045.jpg"
"http://1020bag.com/goods/goods_view.php?goodsNo=6299","BM_TY061 슬링백","12,100","6299","중국OEM","블루마운트","['블랙', '네이비', '그레이']","['004']","['남성']","http://1020bag.com/data/goods/19/12/50//6299/register_detail_069.jpg"
"http://1020bag.com/goods/goods_view.php?goodsNo=6300","BM_7501 가죽크로스백","26,400","6300","중국OEM","블루마운트","['브라운']","['004']","['남성']","http://1020bag.com/data/goods/19/12/50//6300/register_detail_067.jpg"
"http://1020bag.com/goods/goods_view.php?goodsNo=6308","BM_0620 가죽크로스백","36,300","6308","중국OEM","블루마운트","['브라운']","['006', '006005']","['캐주얼', '힙색/슬링백']","http://1020bag.com/data/goods/19/12/50//6308/register_detail_024.jpg"
"http://1020bag.com/goods/goods_view.php?goodsNo=6277","OP_M1985 클러치백","8,800","6277","대한민국","올리비아팝","['블랙', '아이보리', '와인', '베이지']","['003']","['여성']","http://1020bag.com/data/goods/19/12/50//6277/register_detail_033.jpg"
"http://1020bag.com/goods/goods_view.php?goodsNo=6278","OP_M1989 클러치백","8,800","6278","대한민국","올리비아팝","['블랙', '아이보리', '와인', '베이지']","['003']","['여성']","http://1020bag.com/data/goods/19/12/50//6278/6278_detail_067.jpg"
"http://1020bag.com/goods/goods_view.php?goodsNo=6310","URB_가로핸들 핸드백","14,300","6310","중국OEM","SLICKKOREA","['블랙:무한', '브라운/일시품절/재입고미정[일시품절]', '아이보리--2개남음/일시품절/재입고미정']","['009']","['신상품']","http://1020bag.com/data/goods/19/12/51//6310/6310_detail_098.jpg"
"http://1020bag.com/goods/goods_view.php?goodsNo=6309","URB_프투터치 메신저백","19,800","6309","중국OEM","SLICKKOREA","['블랙']","['009']","['신상품']","http://1020bag.com/data/goods/19/12/51//6309/6309_detail_07.jpg"
"http://1020bag.com/goods/goods_view.php?goodsNo=6288","BM_0171 크로스백","22,000","6288","중국OEM","BM상사","['라이트브라운']","['004', '004003', '004003003']","['남성', '크로스백', '작은사이즈']","http://1020bag.com/data/goods/19/12/50//6288/register_detail_061.jpg"
"http://1020bag.com/goods/goods_view.php?goodsNo=6287","BM_087 크로스백","22,000","6287","중국OEM","BM상사","['BROWN(TAN)']","['004', '004003', '004003003']","['남성', '크로스백', '작은사이즈']","http://1020bag.com/data/goods/19/12/50//6287/register_detail_022.jpg"
"http://1020bag.com/goods/goods_view.php?goodsNo=6286","BM_890 슬링백","16,500","6286","중국OEM","블루마운트","['브라운']","['004']","['남성']","http://1020bag.com/data/goods/19/12/50//6286/register_detail_013.jpg"
"http://1020bag.com/goods/goods_view.php?goodsNo=6285","BM_VT1908 여성크로스백","8,800","6285","중국OEM","블루마운트","['타입A', '타입B', '타입C', '타입D', '타입E', '타입F']","['004']","['남성']","http://1020bag.com/data/goods/19/12/50//6285/register_detail_079.jpg"
"http://1020bag.com/goods/goods_view.php?goodsNo=6284","BM_WL89010 가죽여성백","36,300","6284","중국OEM","블루마운트","['블랙', '네이비', '브라운', '레드']","['004']","['남성']","http://1020bag.com/data/goods/19/12/50//6284/register_detail_022.jpg"
"http://1020bag.com/goods/goods_view.php?goodsNo=6283","BM_H5003_008 장지갑","5,500","6283","중국OEM","블루마운트","['블랙', '브라운']","['004']","['남성']","http://1020bag.com/data/goods/19/12/50//6283/register_detail_082.jpg"
"http://1020bag.com/goods/goods_view.php?goodsNo=6282","BM_XY1837_28 지갑","4,950","6282","중국OEM","블루마운트","['01_반지갑_블랙', '01_반지갑_브라운', '02_중지갑_블랙', '02_중지갑_브라운']","['021', '021004']","['지갑/벨트', '중지갑']","http://1020bag.com/data/goods/19/12/50//6282/register_detail_054.jpg"
"http://1020bag.com/goods/goods_view.php?goodsNo=6281","BM_XY1837_40 지갑","4,950","6281","중국OEM","블루마운트","['01_반지갑_블랙', '01_반지갑_브라운', '02_중지갑_블랙', '02_중지갑_브라운']","['004']","['남성']","http://1020bag.com/data/goods/19/12/50//6281/register_detail_096.jpg"
"http://1020bag.com/goods/goods_view.php?goodsNo=6280","BM_JY328 미니크로스백","8,250","6280","중국OEM","블루마운트","['블랙', '네이비', '블루', '레드', '퍼플']","['004']","['남성']","http://1020bag.com/data/goods/19/12/50//6280/register_detail_093.jpg"
"http://1020bag.com/goods/goods_view.php?goodsNo=6279","BM_JY329 미니크로스백","8,250","6279","중국OEM","블루마운트","['그레이A', '그레이B', '블루A', '블루B', '오렌지A', '오렌지B']","['004']","['남성']","http://1020bag.com/data/goods/19/12/50//6279/register_detail_079.jpg"
"http://1020bag.com/goods/goods_view.php?goodsNo=6274","GE_5631 24인치캐리어/배송비별도","85,800","6274","중국OEM","GENOVA","['실버', '블랙']","['005', '005001']","['여행', '캐리어']","http://1020bag.com/data/goods/19/12/50//6274/register_detail_063.jpg"
"http://1020bag.com/goods/goods_view.php?goodsNo=6273","GE_008 백팩(USB장착)","11,000","6273","중국OEM","GENOVA","['블랙/일시품절/재입고미정[일시품절]', '네이비', '브라운']","['006', '006001']","['캐주얼', '백팩']","http://1020bag.com/data/goods/19/12/50//6273/register_detail_09.jpg"
"http://1020bag.com/goods/goods_view.php?goodsNo=6271","GE_003 백팩","9,900","6271","중국OEM","GENOVA","['블랙', '브라운', '그레이']","['006', '006001']","['캐주얼', '백팩']","http://1020bag.com/data/goods/19/12/50//6271/register_detail_061.jpg"
"http://1020bag.com/goods/goods_view.php?goodsNo=6270","GE_004 백팩","9,900","6270","중국OEM","GENOVA","['블랙:999개남음', '브라운:999개남음', '그레이:999개남음']","['006', '006001']","['캐주얼', '백팩']","http://1020bag.com/data/goods/19/12/50//6270/register_detail_055.jpg"
"http://1020bag.com/goods/goods_view.php?goodsNo=6269","GE_5643 20인치캐리어/배송비별도","46,200","6269","중국OEM","GENOVA","['블랙--1개남음/일시품절/재입고미정', '실버/일시품절/재입고미정[일시품절]', '실버그레이/일시품절/재입고미정[일시품절]', '골드']","['005']","['여행']","http://1020bag.com/data/goods/19/12/50//6269/register_detail_037.jpg"
"http://1020bag.com/goods/goods_view.php?goodsNo=6268","GE_5644 24인치캐리어/배송비별도","51,700","6268","중국OEM","GENOVA","['블랙', '실버', '골드']","['005', '005001']","['여행', '캐리어']","http://1020bag.com/data/goods/19/12/50//6268/register_detail_025.jpg"
"http://1020bag.com/goods/goods_view.php?goodsNo=6267","GE_5645 28인치캐리어/배송비별도","59,400","6267","중국OEM","GENOVA","['블랙/일시품절/재입고미정[일시품절]', '실버/일시품절/재입고미정[일시품절]', '실버그레이/일시품절/재입고미정[일시품절]', '골드']","['005', '005001']","['여행', '캐리어']","http://1020bag.com/data/goods/19/12/50//6267/register_detail_039.jpg"
"http://1020bag.com/goods/goods_view.php?goodsNo=6266","TRD_CA3588 백팩","8,800","6266","중국OEM","지앤비코리아","['블랙:999개남음', '네이비:999개남음', '그레이:999개남음', '와인:999개남음', '아이보리:999개남음', '블루(군청):999개남음']","['006']","['캐주얼']","http://1020bag.com/data/goods/19/12/50//6266/register_detail_055.jpg"
"http://1020bag.com/goods/goods_view.php?goodsNo=6265","GE_3305 슬링백","23,100","6265","중국OEM","GENOVA","['블랙', '그레이']","['006', '006005']","['캐주얼', '힙색/슬링백']","http://1020bag.com/data/goods/19/12/50//6265/register_detail_070.jpg"
"http://1020bag.com/goods/goods_view.php?goodsNo=6261","KM_K032 크로스백","8,800","6261","중국OEM","케이모드","['블랙/일시품절/재입고미정[일시품절]']","['004', '004003', '004003002']","['남성', '크로스백', '중간사이즈']","http://1020bag.com/data/goods/19/12/49//6261/register_detail_013.jpg"
"http://1020bag.com/goods/goods_view.php?goodsNo=6258","BM_3017 가죽크로스백","34,100","6258","중국OEM","블루마운트","['블랙:999개남음', '브라운:999개남음']","['004', '004003', '004003002']","['남성', '크로스백', '중간사이즈']","http://1020bag.com/data/goods/19/12/49//6258/6258_detail_035.jpg"
"http://1020bag.com/goods/goods_view.php?goodsNo=6257","BM_7512 가죽힙색","25,300","6257","중국OEM","블루마운트","['블랙:999개남음', '브라운:999개남음']","['004', '004004']","['남성', '힙색/슬링백']","http://1020bag.com/data/goods/19/12/49//6257/6257_detail_028.jpg"
"http://1020bag.com/goods/goods_view.php?goodsNo=6256","DF_209 확장백팩","39,600","6256","중국OEM","PILOT","['블랙', '네이비', '그레이']","['005', '005005']","['여행', '여행백팩']","http://1020bag.com/data/goods/19/12/49//6256/modify_detail_013.jpg"
"http://1020bag.com/goods/goods_view.php?goodsNo=6255","DKMI_8535 크로스백","14,300","6255","중국OEM","디비케이","['블랙', '네이비', '브라운', '그레이', '스카이블루']","['003', '003010']","['여성', '여성크로스백']","http://1020bag.com/data/goods/19/12/49//6255/modify_detail_085.jpg"
"http://1020bag.com/goods/goods_view.php?goodsNo=6254","DKMI_8021L 크로스백","17,600","6254","중국OEM","디비케이","['블랙', '네이비', '브라운', '그레이', '스카이블루:999개남음']","['003', '003010']","['여성', '여성크로스백']","http://1020bag.com/data/goods/19/12/49//6254/modify_detail_068.jpg"
"http://1020bag.com/goods/goods_view.php?goodsNo=6253","DKMI_8017S 토드백","19,800","6253","중국OEM","디비케이","['블랙', '네이비', '브라운', '그레이', '스카이블루:999개남음']","['003', '003007']","['여성', '숄더/쇼퍼백']","http://1020bag.com/data/goods/19/12/49//6253/modify_detail_029.jpg"
"http://1020bag.com/goods/goods_view.php?goodsNo=6252","DKMI_8513 숄더백","22,000","6252","중국OEM","디비케이","['블랙', '네이비', '브라운', '그레이', '스카이블루:999개남음']","['003', '003007']","['여성', '숄더/쇼퍼백']","http://1020bag.com/data/goods/19/12/49//6252/modify_detail_028.jpg"
"http://1020bag.com/goods/goods_view.php?goodsNo=6251","DKMI_8534 여성백","22,000","6251","중국OEM","디비케이","['블랙', '네이비', '브라운/일시품절/재입고미정[일시품절]', '그레이', '스카이블루']","['003', '003001']","['여성', '백팩']","http://1020bag.com/data/goods/19/12/49//6251/modify_detail_04.jpg"
"http://1020bag.com/goods/goods_view.php?goodsNo=6250","DKMI_8536 여성백","19,800","6250","중국OEM","디비케이","['블랙', '네이비', '브라운', '그레이', '스카이블루:999개남음']","['003', '003001', '003001003']","['여성', '백팩', '미니백팩']","http://1020bag.com/data/goods/19/12/49//6250/modify_detail_085.jpg"
"http://1020bag.com/goods/goods_view.php?goodsNo=6249","DKMI_8566 크로스백","14,300","6249","중국OEM","디비케이","['블랙', '브라운', '옐로우', '스카이블루']","['003', '003010']","['여성', '여성크로스백']","http://1020bag.com/data/goods/19/12/49//6249/modify_detail_076.jpg"
"http://1020bag.com/goods/goods_view.php?goodsNo=6248","DKMI_8571 크로스백","17,600","6248","중국OEM","디비케이","['블랙', '브라운', '옐로우', '스카이블루']","['003', '003010']","['여성', '여성크로스백']","http://1020bag.com/data/goods/19/12/49//6248/modify_detail_067.jpg"
"http://1020bag.com/goods/goods_view.php?goodsNo=6247","DKMI_8567 크로스백","17,600","6247","중국OEM","디비케이","['블랙', '브라운', '옐로우', '스카이블루']","['003', '003010']","['여성', '여성크로스백']","http://1020bag.com/data/goods/19/12/49//6247/modify_detail_095.jpg"
"http://1020bag.com/goods/goods_view.php?goodsNo=6246","DKMI_8514 숄더백","19,800","6246","중국OEM","디비케이","['블랙', '브라운', '옐로우', '스카이블루']","['003', '003007']","['여성', '숄더/쇼퍼백']","http://1020bag.com/data/goods/19/12/49//6246/modify_detail_026.jpg"
"http://1020bag.com/goods/goods_view.php?goodsNo=6245","DKMI_8558S 백팩","22,000","6245","중국OEM","디비케이","['블랙', '브라운', '옐로우', '스카이블루']","['003', '003001']","['여성', '백팩']","http://1020bag.com/data/goods/19/12/49//6245/modify_detail_084.jpg"
"http://1020bag.com/goods/goods_view.php?goodsNo=6244","DKMI_8556S 백팩","22,000","6244","중국OEM","디비케이","['블랙', '브라운', '옐로우', '스카이블루']","['003', '003007']","['여성', '숄더/쇼퍼백']","http://1020bag.com/data/goods/19/12/49//6244/modify_detail_023.jpg"
"http://1020bag.com/goods/goods_view.php?goodsNo=6243","DKMI_8568 숄더백","22,000","6243","중국OEM","디비케이","['블랙', '브라운', '옐로우', '스카이블루']","['003', '003007']","['여성', '숄더/쇼퍼백']","http://1020bag.com/data/goods/19/12/49//6243/modify_detail_062.jpg"
"http://1020bag.com/goods/goods_view.php?goodsNo=6242","DKMI_8569 토드백","22,000","6242","중국OEM","디비케이","['블랙', '브라운', '옐로우', '스카이블루']","['003', '003006']","['여성', '토트백']","http://1020bag.com/data/goods/19/12/49//6242/modify_detail_068.jpg"
"http://1020bag.com/goods/goods_view.php?goodsNo=6241","DKMI_8596 보스턴백","22,000","6241","중국OEM","디비케이","['블랙', '와인', '핑크', '스카이블루']","['003', '003007']","['여성', '숄더/쇼퍼백']","http://1020bag.com/data/goods/19/12/49//6241/modify_detail_095.jpg"
"http://1020bag.com/goods/goods_view.php?goodsNo=6240","DKMI_8098 여성백팩","22,000","6240","중국OEM","디비케이","['블랙', '와인', '핑크', '스카이블루']","['003', '003001']","['여성', '백팩']","http://1020bag.com/data/goods/19/12/49//6240/modify_detail_040.jpg"
"http://1020bag.com/goods/goods_view.php?goodsNo=6239","DKMI_8587 보스턴백","20,900","6239","중국OEM","디비케이","['블랙', '와인', '핑크', '스카이블루']","['005', '005003']","['여행', '보스턴가방']","http://1020bag.com/data/goods/19/12/49//6239/modify_detail_050.jpg"
"http://1020bag.com/goods/goods_view.php?goodsNo=6238","DKMI_8087S 크로스백","18,700","6238","중국OEM","디비케이","['블랙', '와인', '핑크', '스카이블루']","['003', '003010']","['여성', '여성크로스백']","http://1020bag.com/data/goods/19/12/49//6238/modify_detail_051.jpg"
"http://1020bag.com/goods/goods_view.php?goodsNo=6237","DKES_175B 중지갑","8,800","6237","중국OEM","디비케이","['블랙/일시품절/재입고미정[일시품절]', '블루(네이비)/일시품절/재입고미정[일시품절]', '그레이--품절예정/재입고미정2개남음', '다크브라운--품절예정/재입고미정1개남음']","['021', '021004']","['지갑/벨트', '중지갑']","http://1020bag.com/data/goods/19/12/49//6237/modify_detail_052.jpg"
"http://1020bag.com/goods/goods_view.php?goodsNo=6236","DKES_519B 중지갑","8,800","6236","중국OEM","디비케이","['블랙', '네이비', '브라운']","['021', '021005']","['지갑/벨트', '반지갑']","http://1020bag.com/data/goods/19/12/49//6236/modify_detail_095.jpg"
"http://1020bag.com/goods/goods_view.php?goodsNo=6235","DKES_036B 중지갑","8,800","6235","중국OEM","디비케이","['블랙/일시품절/재입고미정[일시품절]', '네이비/일시품절/재입고미정[일시품절]', 'GRAY--2개남음/일시품절/재입고미정', '브라운--1개남음/일시품절/재입고미정']","['021', '021004']","['지갑/벨트', '중지갑']","http://1020bag.com/data/goods/19/12/49//6235/modify_detail_040.jpg"
"http://1020bag.com/goods/goods_view.php?goodsNo=6234","DKES_039B 중지갑","8,800","6234","중국OEM","디비케이","['블랙/일시품절/재입고미정[품절]', '네이비(블루)/일시품절/재입고미정[품절]', '브라운/일시품절/재입고미정[품절]', '그레이/일시품절/재입고미정[품절]']","['021', '021004']","['지갑/벨트', '중지갑']","http://1020bag.com/data/goods/19/12/49//6234/modify_detail_040.jpg"
"http://1020bag.com/goods/goods_view.php?goodsNo=6233","DKES_039C 반지갑","8,800","6233","중국OEM","디비케이","['블랙/일시품절/재입고미정[일시품절]', '네이비(블루)', '브라운', '그레이']","['021', '021005']","['지갑/벨트', '반지갑']","http://1020bag.com/data/goods/19/12/49//6233/modify_detail_079.jpg"
"http://1020bag.com/goods/goods_view.php?goodsNo=6232","URB_트윌누비 백팩","14,300","6232","중국OEM","SLICKKOREA","['블랙']","['003', '003001']","['여성', '백팩']","http://1020bag.com/data/goods/19/12/49//6232/modify_detail_090.jpg"
"http://1020bag.com/goods/goods_view.php?goodsNo=6231","URB_805 백팩","19,800","6231","중국OEM","SLICKKOREA","['블랙/일시품절/재입고미정[일시품절]']","['004', '004005']","['남성', '백팩']","http://1020bag.com/data/goods/19/11/48//6231/register_detail_075.jpg"
"http://1020bag.com/goods/goods_view.php?goodsNo=6230","URB_트위크로스 크로스백","12,100","6230","중국OEM","SLICKKOREA","['블랙--3개남음/일시품절/재입고미정', '브라운/일시품절/3월중입고예정[일시품절]', '그린/일시품절/3월중입고예정[일시품절]']","['006', '006005']","['캐주얼', '힙색/슬링백']","http://1020bag.com/data/goods/19/11/48//6230/register_detail_084.jpg"
"http://1020bag.com/goods/goods_view.php?goodsNo=6229","URB_양털곰돌이 힙색","9,900","6229","중국OEM","SLICKKOREA","['네이비', '핑크', '옐로우']","['006', '006005']","['캐주얼', '힙색/슬링백']","http://1020bag.com/data/goods/19/11/48//6229/register_detail_045.jpg"
"http://1020bag.com/goods/goods_view.php?goodsNo=6228","URB_스티치 핸드백","14,300","6228","중국OEM","SLICKKOREA","['블랙--1개남음/일시품절/재입고없음', '브라운/일시품절/재입고없음[품절]', '베이지/일시품절/재입고없음[품절]']","['003', '003010']","['여성', '여성크로스백']","http://1020bag.com/data/goods/19/11/48//6228/register_detail_095.jpg"
"http://1020bag.com/goods/goods_view.php?goodsNo=6224","URB_트윌지퍼 백팩","14,300","6224","중국OEM","SLICKKOREA","['블랙[품절]']","['003', '003001']","['여성', '백팩']","http://1020bag.com/data/goods/19/11/48//6224/modify_detail_016.jpg"
"http://1020bag.com/goods/goods_view.php?goodsNo=6223","URB_세로핸들 핸드백","13,200","6223","중국OEM","SLICKKOREA","['블랙', '브라운/일시품절/3월중입고예정[일시품절]']","['003', '003002']","['여성', '여성핸드백']","http://1020bag.com/data/goods/19/11/48//6223/modify_detail_072.jpg"
"http://1020bag.com/goods/goods_view.php?goodsNo=6222","URB_레트로콤비","13,200","6222","중국OEM","SLICKKOREA","['블랙', '그린/일시품절/3월중입고예정[일시품절]', '아이보리/일시품절/3월중입고예정[일시품절]']","['003', '003010']","['여성', '여성크로스백']","http://1020bag.com/data/goods/19/11/48//6222/modify_detail_051.jpg"
"http://1020bag.com/goods/goods_view.php?goodsNo=6221","BM_235_3 가죽크로스백","12,100","6221","중국OEM","블루마운트","['브라운:999개남음']","['004', '004007']","['남성', '미니백']","http://1020bag.com/data/goods/19/11/48//6221/6221_detail_013.jpg"
"http://1020bag.com/goods/goods_view.php?goodsNo=6219","BM_8132 가죽슬링백","19,800","6219","중국OEM","블루마운트","['브라운']","['004', '004004']","['남성', '힙색/슬링백']","http://1020bag.com/data/goods/19/11/48//6219/modify_detail_017.jpg"
"http://1020bag.com/goods/goods_view.php?goodsNo=6218","BM_218_4 가죽미니백","12,100","6218","중국OEM","블루마운트","['브라운']","['004', '004007']","['남성', '미니백']","http://1020bag.com/data/goods/19/11/48//6218/modify_detail_046.jpg"
"http://1020bag.com/goods/goods_view.php?goodsNo=6217","BM_218_5 가죽미니백","12,100","6217","중국OEM","블루마운트","['블랙', '브라운']","['004', '004007']","['남성', '미니백']","http://1020bag.com/data/goods/19/11/48//6217/modify_detail_014.jpg"
"http://1020bag.com/goods/goods_view.php?goodsNo=6216","BM_6012 가죽슬링백","24,200","6216","중국OEM","블루마운트","['브라운']","['004', '004004']","['남성', '힙색/슬링백']","http://1020bag.com/data/goods/19/11/48//6216/modify_detail_037.jpg"
"http://1020bag.com/goods/goods_view.php?goodsNo=6215","BM_6020 가죽슬링백","24,200","6215","중국OEM","블루마운트","['브라운']","['004', '004004']","['남성', '힙색/슬링백']","http://1020bag.com/data/goods/19/11/48//6215/modify_detail_018.jpg"
"http://1020bag.com/goods/goods_view.php?goodsNo=6214","BM_6027 가죽슬링백","24,200","6214","중국OEM","블루마운트","['브라운']","['004', '004004']","['남성', '힙색/슬링백']","http://1020bag.com/data/goods/19/11/48//6214/modify_detail_041.jpg"
"http://1020bag.com/goods/goods_view.php?goodsNo=6213","BM_페인팅 넥워머","2,200","6213","중국OEM","블루마운트","['그레이레드:1개남음', '오렌지블루:3개남음', '퍼플그린:4개남음']","['023', '023004']","['테마상품', '계절상품']","http://1020bag.com/data/goods/19/11/48//6213/register_detail_038.jpg"
"http://1020bag.com/goods/goods_view.php?goodsNo=6212","BM_다이아몬드 넥워머","2,200","6212","중국OEM","블루마운트","['네이비:5개남음', '그레이']","['023', '023004']","['테마상품', '계절상품']","http://1020bag.com/data/goods/19/11/48//6212/register_detail_070.jpg"
"http://1020bag.com/goods/goods_view.php?goodsNo=6211","BM_코끼리 넥워머","2,200","6211","중국OEM","블루마운트","['브라운', '블루', '그레이']","['023', '023004']","['테마상품', '계절상품']","http://1020bag.com/data/goods/19/11/48//6211/register_detail_042.jpg"
"http://1020bag.com/goods/goods_view.php?goodsNo=6207","DKES_6664_1 미니크로스백","6,600","6207","중국OEM","디비케이","['블랙', '네이비']","['006', '006004', '006004003']","['캐주얼', '크로스백', '작은사이즈']","http://1020bag.com/data/goods/19/11/48//6207/register_detail_062.jpg"
"http://1020bag.com/goods/goods_view.php?goodsNo=6206","BM_F8020 소가죽장지갑","13,200","6206","중국OEM","블루마운트","['블랙', '네이비', '브라운', '레드', '핑크']","['021', '021007']","['지갑/벨트', '여성지갑']","http://1020bag.com/data/goods/19/11/48//6206/register_detail_076.jpg"
"http://1020bag.com/goods/goods_view.php?goodsNo=6205","BM_F8017 소가죽장지갑","13,200","6205","중국OEM","블루마운트","['블랙', '네이비', '브라운', '레드', '핑크']","['021', '021007']","['지갑/벨트', '여성지갑']","http://1020bag.com/data/goods/19/11/48//6205/register_detail_020.jpg"
"http://1020bag.com/goods/goods_view.php?goodsNo=6204","BM_F8018 소가죽장지갑","13,200","6204","중국OEM","블루마운트","['블랙', '네이비', '브라운', '레드', '핑크']","['021', '021007']","['지갑/벨트', '여성지갑']","http://1020bag.com/data/goods/19/11/48//6204/register_detail_058.jpg"
"http://1020bag.com/goods/goods_view.php?goodsNo=6203","BM_F8019 소가죽장지갑","13,200","6203","중국OEM","블루마운트","['블랙', '네이비', '브라운', '레드', '핑크']","['021', '021007']","['지갑/벨트', '여성지갑']","http://1020bag.com/data/goods/19/11/48//6203/register_detail_099.jpg"
"http://1020bag.com/goods/goods_view.php?goodsNo=6202","BM_6013 가죽크로스백/가격인하(2/25)","16,500","6202","중국OEM","블루마운트","['블랙', '브라운']","['004', '004003', '004003003']","['남성', '크로스백', '작은사이즈']","http://1020bag.com/data/goods/19/11/48//6202/register_detail_031.jpg"
"http://1020bag.com/goods/goods_view.php?goodsNo=6201","BM_6016 가죽크로스백/가격인하(2/25)","16,500","6201","중국OEM","블루마운트","['블랙', '브라운']","['004', '004003', '004003003']","['남성', '크로스백', '작은사이즈']","http://1020bag.com/data/goods/19/11/48//6201/6201_detail_017.jpg"
"http://1020bag.com/goods/goods_view.php?goodsNo=6200","BM_6018 가죽크로스백/가격인하(2/15)","16,500","6200","중국OEM","블루마운트","['블랙', '브라운']","['004', '004003', '004003003']","['남성', '크로스백', '작은사이즈']","http://1020bag.com/data/goods/19/11/48//6200/6200_detail_023.jpg"
"http://1020bag.com/goods/goods_view.php?goodsNo=6199","BM_8134 가죽크로스백","15,400","6199","중국OEM","블루마운트","['브라운']","['004', '004003', '004003003']","['남성', '크로스백', '작은사이즈']","http://1020bag.com/data/goods/19/11/48//6199/register_detail_082.jpg"
"http://1020bag.com/goods/goods_view.php?goodsNo=6198","BM_8133 가죽크로스백","17,600","6198","중국OEM","블루마운트","['브라운']","['004', '004003', '004003003']","['남성', '크로스백', '작은사이즈']","http://1020bag.com/data/goods/19/11/48//6198/6198_detail_05.jpg"
"http://1020bag.com/goods/goods_view.php?goodsNo=6197","BM_베이직 넥워머","2,200","6197","중국OEM","블루마운트","['블랙', '네이비', '그레이']","['004']","['남성']","http://1020bag.com/data/goods/19/11/48//6197/register_detail_097.jpg"
"http://1020bag.com/goods/goods_view.php?goodsNo=6191","적립금충전-11만원","110,000","6191","\n,\n,\n","\n,원\n,\n","[]","[]","[]","http://1020bag.com/data/goods/19/11/48/6191/6191_detail_01.jpg"
"http://1020bag.com/goods/goods_view.php?goodsNo=6189","URB_소가죽 모터원","14,300","6189","중국OEM","SLICKKOREA","['블랙/일시품절/3월중입고예정[일시품절]', '블루/일시품절/3월중입고예정[일시품절]', '오렌지/일시품절/3월중입고예정[일시품절]', '그린/일시품절/3월중입고예정[일시품절]', '브라운/일시품절/3월중입고예정[일시품절]']","['021', '021007']","['지갑/벨트', '여성지갑']","http://1020bag.com/data/goods/19/11/48//6189/modify_detail_068.jpg"
"http://1020bag.com/goods/goods_view.php?goodsNo=6188","AO_SLN88008 트롤리백팩/배송비별도","49,500","6188","중국OEM","AOKING","['블랙/일시품절/재입고미정[일시품절]']","['005', '005005']","['여행', '여행백팩']","http://1020bag.com/data/goods/19/11/47//6188/modify_detail_068.jpg"
"http://1020bag.com/goods/goods_view.php?goodsNo=6180","DKES_JH_04 크로스백","8,800","6180","중국OEM","디비케이","['블랙', '브라운']","['009']","['신상품']","http://1020bag.com/data/goods/19/11/47//6180/6180_detail_073.jpg"
"http://1020bag.com/goods/goods_view.php?goodsNo=6177","GE_006 백팩(USB장착)","11,000","6177","중국OEM","GENOVA","['블랙--2개남음/일시품절/재입고미정', '네이비', '브라운']","['009']","['신상품']","http://1020bag.com/data/goods/19/11/47//6177/modify_detail_029.jpg"
"http://1020bag.com/goods/goods_view.php?goodsNo=6176","GE_007 백팩(USB장착)","11,000","6176","중국OEM","GENOVA","['블랙/일시품절/재입고미정[일시품절]', '네이비', '브라운/일시품절/재입고미정[일시품절]']","['009']","['신상품']","http://1020bag.com/data/goods/19/11/47//6176/modify_detail_072.jpg"
"http://1020bag.com/goods/goods_view.php?goodsNo=6171","DKES_8601 여성백팩","12,100","6171","중국OEM","ESCARIAR","['블랙플라워:999개남음', '네이비다이아몬드:999개남음', '레드사선:999개남음', '레드장미:999개남음', '핑크플라워:999개남음']","['003', '003001', '003001003']","['여성', '백팩', '미니백팩']","http://1020bag.com/data/goods/19/11/47//6171/register_detail_065.jpg"
"http://1020bag.com/goods/goods_view.php?goodsNo=6170","DKES_504 슬링백","10,450","6170","중국OEM","ESCARIAR","['블랙', '브라운', '탄']","['004', '004004']","['남성', '힙색/슬링백']","http://1020bag.com/data/goods/19/11/47//6170/register_detail_076.jpg"
"http://1020bag.com/goods/goods_view.php?goodsNo=6169","DKES_8501 여성백팩","12,100","6169","중국OEM","디비케이","['블랙플라워/일시품절/재입고미정[품절]', '네이비알파벳/일시품절/재입고미정[품절]', '블루나뭇잎', '핑크플라워']","['003', '003001']","['여성', '백팩']","http://1020bag.com/data/goods/19/11/47//6169/6169_detail_011.jpg"
"http://1020bag.com/goods/goods_view.php?goodsNo=6168","DKES_501 슬링백","10,450","6168","중국OEM","ESCARIAR","['블랙', '브라운', '탄']","['004', '004004']","['남성', '힙색/슬링백']","http://1020bag.com/data/goods/19/11/47//6168/register_detail_069.jpg"
"http://1020bag.com/goods/goods_view.php?goodsNo=6167","GE_3152 크로스백","15,950","6167","중국OEM","GENOVA","['블랙--2개남음/일시품절/재입고미정']","['004', '004003', '004003002']","['남성', '크로스백', '중간사이즈']","http://1020bag.com/data/goods/19/11/47//6167/6167_detail_030.jpg"
"http://1020bag.com/goods/goods_view.php?goodsNo=6166","GE_301(세로) 크로스백","9,900","6166","중국OEM","GENOVA","['블랙']","['004', '004003', '004003002']","['남성', '크로스백', '중간사이즈']","http://1020bag.com/data/goods/19/11/47//6166/register_detail_083.jpg"
"http://1020bag.com/goods/goods_view.php?goodsNo=6164","GE_302(가로) 크로스백","9,900","6164","중국OEM","GENOVA","['블랙']","['004', '004003', '004003002']","['남성', '크로스백', '중간사이즈']","http://1020bag.com/data/goods/19/11/47//6164/register_detail_083.jpg"
"http://1020bag.com/goods/goods_view.php?goodsNo=6163","DKES_036M 머니클립","8,800","6163","중국OEM","디비케이","['BLACK[품절]', 'NAVY[품절]', 'BROWN:999개남음', 'GRAY:999개남음']","['021', '021006']","['지갑/벨트', '머니클립']","http://1020bag.com/data/goods/19/11/47//6163/register_detail_03.jpg"
"http://1020bag.com/goods/goods_view.php?goodsNo=6162","DKES_404L 가죽크로스백","14,300","6162","중국OEM","디비케이","['브라운']","['004', '004003', '004003002']","['남성', '크로스백', '중간사이즈']","http://1020bag.com/data/goods/19/11/47//6162/register_detail_055.jpg"
"http://1020bag.com/goods/goods_view.php?goodsNo=6161","DKES_406L 가죽크로스백","14,300","6161","중국OEM","디비케이","['브라운']","['004', '004003', '004003002']","['남성', '크로스백', '중간사이즈']","http://1020bag.com/data/goods/19/11/47//6161/register_detail_039.jpg"
"http://1020bag.com/goods/goods_view.php?goodsNo=6160","DKES_403L 가죽크로스백","14,300","6160","중국OEM","디비케이","['브라운']","['004', '004003', '004003002']","['남성', '크로스백', '중간사이즈']","http://1020bag.com/data/goods/19/11/47//6160/register_detail_047.jpg"
"http://1020bag.com/goods/goods_view.php?goodsNo=6159","DKES_66802 슬링백","9,900","6159","중국OEM","디비케이","['블랙', '네이비', '퍼플/일시품절/재입고미정[품절]', '레드']","['006']","['캐주얼']","http://1020bag.com/data/goods/19/11/47//6159/register_detail_032.jpg"
"http://1020bag.com/goods/goods_view.php?goodsNo=6146","DKES_865 여성장지갑","8,800","6146","ETC","디비케이","['블랙', '다크브라운', '다크핑크/일시품절/재입고미정[품절]', '레드/일시품절/재입고미정[품절]', '네이비', '블루/일시품절/재입고미정[품절]']","['021', '021001']","['지갑/벨트', '장지갑']","http://1020bag.com/data/goods/19/11/12/6146/6146_Detail0.jpg"
"http://1020bag.com/goods/goods_view.php?goodsNo=6145","DKES_863 여성장지갑","8,800","6145","ETC","디비케이","['네이비', '그레이', '브라운', '레드']","['021', '021001']","['지갑/벨트', '장지갑']","http://1020bag.com/data/goods/19/11/12/6145/6145_Detail0.jpg"
"http://1020bag.com/goods/goods_view.php?goodsNo=6144","DKES_862 여성장지갑","14,300","6144","ETC","디비케이","['네이비', '그레이', '블루', '다크핑크', '라이트핑크']","['001']","['전체상품보기']","http://1020bag.com/data/goods/19/11/12/6144/6144_Detail0.jpg"
"http://1020bag.com/goods/goods_view.php?goodsNo=6143","DKES_921 여성장지갑","13,200","6143","ETC","디비케이","['블랙', '그레이', '브라운', '핑크', '그린', '레드']","['021', '021001']","['지갑/벨트', '장지갑']","http://1020bag.com/data/goods/19/11/12/6143/6143_Detail0.jpg"
"http://1020bag.com/goods/goods_view.php?goodsNo=6142","DKES_618 카드목걸이지갑","7,700","6142","ETC","디비케이","['블랙', '블루/일시품절/재입고미정[일시품절]', '브라운']","['021', '021003']","['지갑/벨트', '카드지갑']","http://1020bag.com/data/goods/19/11/12/6142/6142_Detail0.jpg"
"http://1020bag.com/goods/goods_view.php?goodsNo=6141","DKES_0012 힙색","6,600","6141","ETC","디비케이","['블랙', '네이비', '퍼플/일시품절/재입고미정[품절]', '레드/일시품절/재입고미정[품절]', '그린/일시품절/재입고미정[품절]', '그레이/일시품절/재입고미정[품절]']","['023', '023005']","['테마상품', '폴리에스터-가벼운']","http://1020bag.com/data/goods/19/11/11/6141/6141_Detail0.jpg"
"http://1020bag.com/goods/goods_view.php?goodsNo=6140","DKES_9501 여성백팩","11,000","6140","ETC","디비케이","['블랙', '네이비', '브라운', '퍼플', '레드', '핑크', '블루']","['023', '023005']","['테마상품', '폴리에스터-가벼운']","http://1020bag.com/data/goods/19/11/11/6140/6140_Detail0.jpg"
"http://1020bag.com/goods/goods_view.php?goodsNo=6139","DKES_68010_2 크로스백","19,800","6139","ETC","디비케이","['블랙', '네이비/일시품절/재입고미정[일시품절]', '그레이']","['006', '006004', '006004002']","['캐주얼', '크로스백', '중간사이즈']","http://1020bag.com/data/goods/19/11/11/6139/6139_Detail0.jpg"
"http://1020bag.com/goods/goods_view.php?goodsNo=6138","DKES_035 키홀더","6,600","6138","ETC","디비케이","['악어_블랙', '악어_커피', '타조_블랙', '타조_네이비']","['001']","['전체상품보기']","http://1020bag.com/data/goods/19/11/11/6138/6138_Detail0.jpg"
"http://1020bag.com/goods/goods_view.php?goodsNo=6137","DKES_8621 지퍼지갑","6,600","6137","ETC","디비케이","['블랙', '브라운', '골드/일시품절/재입고미정[품절]', '레드/일시품절/재입고미정[일시품절]']","['001']","['전체상품보기']","http://1020bag.com/data/goods/19/11/11/6137/6137_Detail0.jpg"
"http://1020bag.com/goods/goods_view.php?goodsNo=6136","DKES_519 머니클립","8,800","6136","ETC","디비케이","['블랙', '네이비', '브라운']","['021', '021006']","['지갑/벨트', '머니클립']","http://1020bag.com/data/goods/19/11/11/6136/6136_Detail0.jpg"
"http://1020bag.com/goods/goods_view.php?goodsNo=6135","DKES_175 반지갑","8,800","6135","ETC","디비케이","['블랙/일시품절/재입고미정[일시품절]', '블루(네이비)/일시품절/재입고미정[일시품절]', '그레이/일시품절/재입고미정[일시품절]', '다크브라운/일시품절/재입고미정[일시품절]']","['021', '021005']","['지갑/벨트', '반지갑']","http://1020bag.com/data/goods/19/11/11/6135/6135_Detail0.jpg"
"http://1020bag.com/goods/goods_view.php?goodsNo=6134","DKES_039 머니클립","8,800","6134","ETC","디비케이","['블랙/일시품절/재입고미정[일시품절]', '브라운/일시품절/재입고미정[일시품절]', '그레이--2개남음/일시품절/재입고미정', '네이비(블루)--2개남음/일시품절/재입고미정']","['021', '021006']","['지갑/벨트', '머니클립']","http://1020bag.com/data/goods/19/11/11/6134/6134_Detail0.jpg"
"http://1020bag.com/goods/goods_view.php?goodsNo=6133","DKES_66801 슬링백","9,900","6133","ETC","디비케이","['블랙', '네이비', '퍼플', '레드']","['023', '023005']","['테마상품', '폴리에스터-가벼운']","http://1020bag.com/data/goods/19/11/11/6133/6133_Detail0.jpg"
"http://1020bag.com/goods/goods_view.php?goodsNo=6132","DKES_66091_7 클러치백","19,800","6132","ETC","디비케이","['블랙/일시품절/재입고미정[품절]', '브라운']","['004']","['남성']","http://1020bag.com/data/goods/19/11/11/6132/6132_Detail0.jpg"
"http://1020bag.com/goods/goods_view.php?goodsNo=6131","DKES_8601 지퍼 장지갑","6,600","6131","ETC","디비케이","['블랙', '브라운', '그린', '레드/일시품절/재입고미정[품절]']","['021', '021001']","['지갑/벨트', '장지갑']","http://1020bag.com/data/goods/19/11/11/6131/6131_Detail0.jpg"
"http://1020bag.com/goods/goods_view.php?goodsNo=6129","URB_멀티포켓 슬링백","11,000","6129","ASIACHINA","어반브로스","['블랙']","['001']","['전체상품보기']","http://1020bag.com/data/goods/19/11/04/6129/6129_Detail0.jpg"
"http://1020bag.com/goods/goods_view.php?goodsNo=6123","AO_SN78077 백팩","29,700","6123","ETC","에이오킹","['블랙/일시품절/재입고미정[일시품절]', '네이비']","['006', '006001']","['캐주얼', '백팩']","http://1020bag.com/data/goods/19/10/31/6123/6123_Detail0.jpg"
"http://1020bag.com/goods/goods_view.php?goodsNo=6122","AO_JL48006 바퀴보스턴백/배송비별도","39,600","6122","ETC","자체제작","['FUSHIA(핑크)--1개남음/일시품절/재입고미정']","['005', '005004']","['여행', '여행보조/결합백']","http://1020bag.com/data/goods/19/10/31/6122/6122_Detail0.jpg"
"http://1020bag.com/goods/goods_view.php?goodsNo=6119","URB_체크쇼핑 숄더백","14,300","6119","ASIACHINA","어반브로스","['블랙', '카키']","['001']","['전체상품보기']","http://1020bag.com/data/goods/19/10/30/6119/6119_Detail0.jpg"
"http://1020bag.com/goods/goods_view.php?goodsNo=6117","URB_칼라끈2종류 크로스백","14,300","6117","ASIACHINA","어반브로스","['블랙/일시품절/3월중입고예정[일시품절]', '브라운/일시품절/3월중입고예정[일시품절]']","['023', '023003']","['테마상품', '합성피혁']","http://1020bag.com/data/goods/19/10/30/6117/6117_Detail0.jpg"
"http://1020bag.com/goods/goods_view.php?goodsNo=6116","DKES_1040 카드지갑","6,600","6116","ETC","디비케이","['블랙', '그레이', '브라운', '레드/일시품절/재입고미정[일시품절]', '핑크/일시품절/재입고미정[일시품절]', '그린']","['021', '021003']","['지갑/벨트', '카드지갑']","http://1020bag.com/data/goods/19/10/29/6116/6116_Detail0.jpg"
"http://1020bag.com/goods/goods_view.php?goodsNo=6115","DKES_631L 미니가죽백","6,600","6115","ETC","디비케이","['브라운']","['004', '004007']","['남성', '미니백']","http://1020bag.com/data/goods/19/10/29/6115/6115_Detail0.jpg"
"http://1020bag.com/goods/goods_view.php?goodsNo=6114","DKES_108L 가죽크로스백","15,400","6114","ETC","디비케이","['브라운']","['001']","['전체상품보기']","http://1020bag.com/data/goods/19/10/29/6114/6114_Detail0.jpg"
"http://1020bag.com/goods/goods_view.php?goodsNo=6113","DKES_101L 가죽크로스백","15,400","6113","ETC","디비케이","['브라운/일시품절/재입고미정[일시품절]']","['001']","['전체상품보기']","http://1020bag.com/data/goods/19/10/29/6113/6113_Detail0.jpg"
"http://1020bag.com/goods/goods_view.php?goodsNo=6112","DKES_405L 가죽크로스백","14,300","6112","ETC","디비케이","['브라운']","['001']","['전체상품보기']","http://1020bag.com/data/goods/19/10/29/6112/6112_Detail0.jpg"
"http://1020bag.com/goods/goods_view.php?goodsNo=6111","DKES_402L 가죽크로스백","14,300","6111","ETC","디비케이","['브라운']","['001']","['전체상품보기']","http://1020bag.com/data/goods/19/10/29/6111/6111_Detail0.jpg"
"http://1020bag.com/goods/goods_view.php?goodsNo=6110","DKES_401L 가죽크로스백","14,300","6110","ETC","디비케이","['브라운']","['001']","['전체상품보기']","http://1020bag.com/data/goods/19/10/29/6110/6110_Detail0.jpg"
"http://1020bag.com/goods/goods_view.php?goodsNo=6109","DKES_668M 클러치백","18,700","6109","ETC","디비케이","['블랙', '다크브라운', '라이트브라운']","['004', '004006']","['남성', '클러치백']","http://1020bag.com/data/goods/19/10/29/6109/6109_Detail0.jpg"
"http://1020bag.com/goods/goods_view.php?goodsNo=6108","DKES_SH28M 클러치백","18,700","6108","ETC","디비케이","['블랙', '다크브라운', 'LIGHT브라운']","['004', '004006']","['남성', '클러치백']","http://1020bag.com/data/goods/19/10/29/6108/6108_Detail0.jpg"
"http://1020bag.com/goods/goods_view.php?goodsNo=6107","DKES_1017M 클러치백","18,700","6107","ETC","디비케이","['블랙', '브라운']","['004', '004006']","['남성', '클러치백']","http://1020bag.com/data/goods/19/10/29/6107/6107_Detail0.jpg"
"http://1020bag.com/goods/goods_view.php?goodsNo=6106","DKES_9029L 오일지서류가방","35,200","6106","ETC","디비케이","['브라운']","['001']","['전체상품보기']","http://1020bag.com/data/goods/19/10/29/6106/6106_Detail0.jpg"
"http://1020bag.com/goods/goods_view.php?goodsNo=6105","GE_001 백팩","9,900","6105","ASIACHINA","제노바","['블랙', '브라운', '그레이']","['001']","['전체상품보기']","http://1020bag.com/data/goods/19/10/28/6105/6105_Detail0.jpg"
"http://1020bag.com/goods/goods_view.php?goodsNo=6091","DKES_5818 크로스백","8,800","6091","ETC","디비케이","['블랙플라워/일시품절/재입고미정[일시품절]', '네이비다이몬드', '네이비알파벳', '블루나뭇잎', '핑크플라워', '화이트']","['001']","['전체상품보기']","http://1020bag.com/data/goods/19/10/21/6091/6091_Detail0.jpg"
"http://1020bag.com/goods/goods_view.php?goodsNo=6085","URB_디 스타일 핸드백","14,300","6085","ASIACHINA","어반브로스","['블랙/일시품절/재입고미정[일시품절]', '베이지']","['023', '023003']","['테마상품', '합성피혁']","http://1020bag.com/data/goods/19/10/21/6085/6085_Detail0.jpg"
"http://1020bag.com/goods/goods_view.php?goodsNo=6084","URB_와니핸들 핸드백","13,200","6084","ASIACHINA","어반브로스","['블랙/일시품절/3월중입고예정[일시품절]', '브라운/일시품절/3월중입고예정[일시품절]']","['023', '023003']","['테마상품', '합성피혁']","http://1020bag.com/data/goods/19/10/21/6084/6084_Detail0.jpg"
"http://1020bag.com/goods/goods_view.php?goodsNo=6083","URB_크로스벨트 핸드백","9,900","6083","ASIACHINA","어반브로스","['블랙/일시품절/3월중입고예정[일시품절]', '브라운/일시품절//3월중입고예정[일시품절]']","['023', '023003']","['테마상품', '합성피혁']","http://1020bag.com/data/goods/19/10/21/6083/6083_Detail0.jpg"
"http://1020bag.com/goods/goods_view.php?goodsNo=6067","BM_T01 백팩","8,800","6067","ASIACHINA","BM상사","['블랙', '네이비', '그레이']","['001']","['전체상품보기']","http://1020bag.com/data/goods/19/10/14/6067/6067_Detail0.jpg"
"http://1020bag.com/goods/goods_view.php?goodsNo=6066","BM_T03 백팩","8,800","6066","ASIACHINA","BM상사","['블랙', '네이비', '그레이']","['001']","['전체상품보기']","http://1020bag.com/data/goods/19/10/14/6066/6066_Detail0.jpg"
"http://1020bag.com/goods/goods_view.php?goodsNo=6065","BM_T04 백팩","8,800","6065","ASIACHINA","BM상사","['블랙', '네이비', '그레이']","['001']","['전체상품보기']","http://1020bag.com/data/goods/19/10/14/6065/6065_Detail0.jpg"
"http://1020bag.com/goods/goods_view.php?goodsNo=6064","BM_T06 백팩","8,800","6064","ASIACHINA","BM상사","['블랙:무한', '네이비', '그레이/일시품절/재입고미정[일시품절]']","['001']","['전체상품보기']","http://1020bag.com/data/goods/19/10/14/6064/6064_Detail0.jpg"
"http://1020bag.com/goods/goods_view.php?goodsNo=6063","BM_T10 백팩","8,800","6063","ASIACHINA","BM상사","['블랙', '네이비/일시품절/재입고미정[품절]', '그레이/일시품절/재입고미정[품절]']","['001']","['전체상품보기']","http://1020bag.com/data/goods/19/10/14/6063/6063_Detail0.jpg"
"http://1020bag.com/goods/goods_view.php?goodsNo=6062","URB_체크파우치 백팩","13,200","6062","ASIACHINA","어반브로스","['블랙/일시품절/3월중입고예정[일시품절]', '그린--4개남음/일시품절/3월중입고예정', '옐로우/일시품절/3월중입고예정[일시품절]', '레드/일시품절/3월중입고예정[일시품절]']","['023', '023001']","['테마상품', '패브릭/캔버스']","http://1020bag.com/data/goods/19/10/14/6062/6062_Detail0.jpg"
"http://1020bag.com/goods/goods_view.php?goodsNo=6057","DKES_1692 미니크로스백","6,600","6057","ASIACHINA","디비케이","['블랙/일시품절/재입고미정[품절]', '네이비/일시품절/재입고미정[일시품절]', '그레이/일시품절/재입고미정[일시품절]', '다크브라운', '라이트브라운', '블루']","['006']","['캐주얼']","http://1020bag.com/data/goods/19/10/08/6057/6057_Detail0.jpg"
"http://1020bag.com/goods/goods_view.php?goodsNo=6056","DKES_1693 미니크로스백","6,600","6056","ASIACHINA","디비케이","['블랙/일시품절/재입고미정[품절]', '네이비', '그레이', '다크브라운', '라이트브라운', '블루']","['006']","['캐주얼']","http://1020bag.com/data/goods/19/10/08/6056/6056_Detail0.jpg"
"http://1020bag.com/goods/goods_view.php?goodsNo=6051","DF_365 힙색","8,800","6051","ASIACHINA","딕피스트","['블랙', '화이트', '레드']","['001']","['전체상품보기']","http://1020bag.com/data/goods/19/10/07/6051/6051_Detail0.jpg"
"http://1020bag.com/goods/goods_view.php?goodsNo=6050","DF_366 크로스백","9,900","6050","ASIACHINA","딕피스트","['블랙', '화이트', '레드']","['001']","['전체상품보기']","http://1020bag.com/data/goods/19/10/07/6050/6050_Detail0.jpg"
"http://1020bag.com/goods/goods_view.php?goodsNo=6049","DF_944 백팩","34,100","6049","ASIACHINA","딕피스트","['블랙/일시품절/재입고미정[일시품절]', '화이트']","['001']","['전체상품보기']","http://1020bag.com/data/goods/19/10/07/6049/6049_Detail0.jpg"
"http://1020bag.com/goods/goods_view.php?goodsNo=6048","DF_361 백팩","34,100","6048","ASIACHINA","딕피스트","['블랙', '브라운']","['001']","['전체상품보기']","http://1020bag.com/data/goods/19/10/04/6048/6048_Detail0.jpg"
"http://1020bag.com/goods/goods_view.php?goodsNo=6047","DF_947 크로스백","12,100","6047","ASIACHINA","딕피스트","['블랙', '그레이--1개남음/일시품절/재입고미정', '아이보리', '베이지', '핑크']","['001']","['전체상품보기']","http://1020bag.com/data/goods/19/10/04/6047/6047_Detail0.jpg"
"http://1020bag.com/goods/goods_view.php?goodsNo=6046","DF_948 크로스백","12,100","6046","ASIACHINA","딕피스트","['블랙', '그레이', '아이보리', '베이지', '핑크']","['001']","['전체상품보기']","http://1020bag.com/data/goods/19/10/04/6046/6046_Detail0.jpg"
"http://1020bag.com/goods/goods_view.php?goodsNo=6044","TRD_MA1090 大 클러치","8,800","6044","ASIACHINA","지앤비","['블랙']","['023', '023003']","['테마상품', '합성피혁']","http://1020bag.com/data/goods/19/10/04/6044/6044_Detail0.jpg"
"http://1020bag.com/goods/goods_view.php?goodsNo=6043","TRD_MA1089 小 클러치","8,250","6043","ASIACHINA","지앤비","['블랙', '브라운']","['023', '023003']","['테마상품', '합성피혁']","http://1020bag.com/data/goods/19/10/04/6043/6043_Detail0.jpg"
"http://1020bag.com/goods/goods_view.php?goodsNo=6042","TRD_SU3719 백팩","8,800","6042","ASIACHINA","지앤비","['블랙/일시품절/재입고미정[일시품절]', '네이비', '그레이', '레드']","['001']","['전체상품보기']","http://1020bag.com/data/goods/19/10/04/6042/6042_Detail0.jpg"
"http://1020bag.com/goods/goods_view.php?goodsNo=6041","TRD_SU3718 백팩","8,800","6041","ASIACHINA","지앤비","['블랙', '네이비', '그레이', '레드']","['001']","['전체상품보기']","http://1020bag.com/data/goods/19/10/04/6041/6041_Detail0.jpg"
"http://1020bag.com/goods/goods_view.php?goodsNo=6040","TRD_SU3717 슬링백","8,800","6040","ASIACHINA","지앤비","['블랙', '네이비', '그레이', '레드']","['001']","['전체상품보기']","http://1020bag.com/data/goods/19/10/04/6040/6040_Detail0.jpg"
"http://1020bag.com/goods/goods_view.php?goodsNo=6039","TRD_CA2119 보스턴백","8,800","6039","ASIACHINA","지앤비","['네이비꽃', '네이비사각아이', '네이비땡땡이']","['001']","['전체상품보기']","http://1020bag.com/data/goods/19/10/04/6039/6039_Detail0.jpg"
"http://1020bag.com/goods/goods_view.php?goodsNo=6038","TRD_WO3722 숄더에코백","8,250","6038","ASIACHINA","지앤비","['블랙', '네이비', '그레이', '레드', '다크그린', '아이보리', '와인']","['001']","['전체상품보기']","http://1020bag.com/data/goods/19/10/04/6038/6038_Detail0.jpg"
"http://1020bag.com/goods/goods_view.php?goodsNo=6037","KM_K002 백팩","8,800","6037","ASIACHINA","케이모드","['001_네이비다이아몬드/일시품절/재입고미정[일시품절]', '002_네이비큐브', '003_다크그레이', '004_블루', '005_워터드롭', '006_핑크빅체크', '007_자주레오파드/품절/재입고없음[품절]', '008_블루레오파드', '009_자주큐브', '010_네이비핑크플라워/일시품절/재입고미정']","['023', '023005']","['테마상품', '폴리에스터-가벼운']","http://1020bag.com/data/goods/19/10/04/6037/6037_Detail0.jpg"
"http://1020bag.com/goods/goods_view.php?goodsNo=6036","KM_K003 백팩","8,800","6036","ASIACHINA","케이모드","['001_자주격자직물', '002_네이비크로스', '003_네이비플라워', '004_레드플라워', '005_워터드롭', '006_핑크빅체크', '007_블루레오파드', '008_브라운레오파드', '009_블랙원형패턴', '010_레드', '011_퍼플']","['023', '023005']","['테마상품', '폴리에스터-가벼운']","http://1020bag.com/data/goods/19/10/04/6036/6036_Detail0.jpg"
"http://1020bag.com/goods/goods_view.php?goodsNo=6035","URB_9902 인형토트","15,400","6035","ASIACHINA","어반브로스","['블랙/일시품절/재입고미정[일시품절]', '브라운']","['023', '023003']","['테마상품', '합성피혁']","http://1020bag.com/data/goods/19/10/02/6035/6035_Detail0.jpg"
"http://1020bag.com/goods/goods_view.php?goodsNo=6033","URB_푸들스타 힙색","9,900","6033","ASIACHINA","어반브로스","['블랙--3개남음/일시품절/재입고없음', '브라운--4개남음/일시품절/재입고없음', '아이보리--1개남음/일시품절/재입고없음']","['001']","['전체상품보기']","http://1020bag.com/data/goods/19/10/02/6033/6033_Detail0.jpg"
"http://1020bag.com/goods/goods_view.php?goodsNo=6032","OP_M1979 에코숄더백","9,900","6032","DOMESTIC","올리비아팝","['블랙', '아이보리']","['003', '003007']","['여성', '숄더/쇼퍼백']","http://1020bag.com/data/goods/19/10/01/6032/6032_Detail0.jpg"
"http://1020bag.com/goods/goods_view.php?goodsNo=6031","OP_M1980 숄더백","9,900","6031","ETC","올리비아팝","['블랙', '아이보리', '베이지', '카멜', '다크그레이', '네이비']","['001']","['전체상품보기']","http://1020bag.com/data/goods/19/10/01/6031/6031_Detail0.jpg"
"http://1020bag.com/goods/goods_view.php?goodsNo=6030","OP_M1978 여성핸드백","9,900","6030","ETC","올리비아팝","['블랙', '아이보리', '레드', '그린', '베이지']","['001']","['전체상품보기']","http://1020bag.com/data/goods/19/10/01/6030/6030_Detail0.jpg"
"http://1020bag.com/goods/goods_view.php?goodsNo=6029","OP_M1971 여성핸드백","9,900","6029","ETC","올리비아팝","['블랙', '아이보리', '레드', '그린', '핑크']","['001']","['전체상품보기']","http://1020bag.com/data/goods/19/10/01/6029/6029_Detail0.jpg"
"http://1020bag.com/goods/goods_view.php?goodsNo=6028","URB_체크핸들","13,200","6028","ASIACHINA","어반브로스","['블랙/일시품절/재입고미정[일시품절]', '브라운']","['001']","['전체상품보기']","http://1020bag.com/data/goods/19/09/30/6028/6028_Detail0.jpg"
"http://1020bag.com/goods/goods_view.php?goodsNo=6027","URB_와니체인","14,300","6027","ASIACHINA","어반브로스","['블랙/일시품절/재입고없음[품절]', '브라운--1개남음/일시품절/재입고없음']","['023', '023003']","['테마상품', '합성피혁']","http://1020bag.com/data/goods/19/09/30/6027/6027_Detail0.jpg"
"http://1020bag.com/goods/goods_view.php?goodsNo=6026","BM_JY853 슬링백","12,100","6026","ASIACHINA","BM상사","['블랙', '다크그레이', '네이비']","['001']","['전체상품보기']","http://1020bag.com/data/goods/19/09/30/6026/6026_Detail0.jpg"
"http://1020bag.com/goods/goods_view.php?goodsNo=6025","OZK_209262 슬링백","22,000","6025","ASIACHINA","오주코","['블랙', '블루(네이비)', '그레이', '카모']","['001']","['전체상품보기']","http://1020bag.com/data/goods/19/09/25/6025/6025_Detail0.jpg"
"http://1020bag.com/goods/goods_view.php?goodsNo=6024","OZK_209270 슬링백","19,800","6024","ASIACHINA","오주코","['블랙', '블루(네이비)', '그레이', '카모']","['001']","['전체상품보기']","http://1020bag.com/data/goods/19/09/25/6024/6024_Detail0.jpg"
"http://1020bag.com/goods/goods_view.php?goodsNo=6022","URB_스트랩 백팩","14,300","6022","ASIACHINA","어반브로스","['블랙--2개남음/일시품절/재입고미정', '그린', '핑크', '옐로우']","['001']","['전체상품보기']","http://1020bag.com/data/goods/19/09/25/6022/6022_Detail0.jpg"
"http://1020bag.com/goods/goods_view.php?goodsNo=6021","URB_시스템","13,200","6021","ASIACHINA","어반브로스","['블랙/일시품절/3월중입고예정[일시품절]', '브라운--1개남음/일시품절/3월중입고예정', '베이지/일시품절/3월중입고예정[일시품절]']","['001']","['전체상품보기']","http://1020bag.com/data/goods/19/09/25/6021/6021_Detail0.jpg"
"http://1020bag.com/goods/goods_view.php?goodsNo=6020","BM_T62 백팩/가격인하(12/6)","11,000","6020","ASIACHINA","BM상사","['블랙/단종/재입고없음[품절]', '네이비--1개남음/단종/재입고없음', '그레이--3개남음/단종/재입고없음']","['001']","['전체상품보기']","http://1020bag.com/data/goods/19/09/23/6020/6020_Detail0.jpg"
"http://1020bag.com/goods/goods_view.php?goodsNo=6019","BM_T90 백팩/가격인하(12/6)","11,000","6019","ASIACHINA","BM상사","['블랙--2개남음/단종/재입고없음', '네이비--1개남음/단종/재입고없음', '그레이--1개남음/단종/재입고없음']","['001']","['전체상품보기']","http://1020bag.com/data/goods/19/09/23/6019/6019_Detail0.jpg"
"http://1020bag.com/goods/goods_view.php?goodsNo=6017","AO_SN86335 백팩","36,300","6017","ASIACHINA","에이오킹","['블랙', '그레이']","['006', '006001', '006001003']","['캐주얼', '백팩', '스퀘어백팩']","http://1020bag.com/data/goods/19/09/19/6017/6017_Detail0.jpg"
"http://1020bag.com/goods/goods_view.php?goodsNo=6015","AO_SK77908 슬링백","17,600","6015","ASIACHINA","에이오킹","['블랙/일시품절/재입고미정[일시품절]']","['006', '006005']","['캐주얼', '힙색/슬링백']","http://1020bag.com/data/goods/19/09/19/6015/6015_Detail0.jpg"
"http://1020bag.com/goods/goods_view.php?goodsNo=6011","BO_FBA012 여성백팩","47,300","6011","ASIACHINA","보파이","['블랙']","['001']","['전체상품보기']","http://1020bag.com/data/goods/19/09/18/6011/6011_Detail0.jpg"
"http://1020bag.com/goods/goods_view.php?goodsNo=6010","BO_WE543 보스턴백","49,500","6010","ASIACHINA","보파이","['네이비']","['001']","['전체상품보기']","http://1020bag.com/data/goods/19/09/18/6010/6010_Detail0.jpg"
"http://1020bag.com/goods/goods_view.php?goodsNo=6009","BO_WE471 보스턴백","66,000","6009","ASIACHINA","보파이","['블랙']","['001']","['전체상품보기']","http://1020bag.com/data/goods/19/09/18/6009/6009_Detail0.jpg"
"http://1020bag.com/goods/goods_view.php?goodsNo=6008","URB_6포켓 (대)","13,200","6008","ASIACHINA","어반브로스","['블랙/일시품절/재입고미정[일시품절]', '아이보리']","['023', '023001']","['테마상품', '패브릭/캔버스']","http://1020bag.com/data/goods/19/09/17/6008/6008_Detail0.jpg"
"http://1020bag.com/goods/goods_view.php?goodsNo=6007","URB_아도방사각","14,300","6007","ASIACHINA","어반브로스","['블랙/품절/재입고없음[품절]', '브라운--1개남음/품절예정/재입고없음']","['023', '023003']","['테마상품', '합성피혁']","http://1020bag.com/data/goods/19/09/17/6007/6007_Detail0.jpg"
"http://1020bag.com/goods/goods_view.php?goodsNo=6006","URB_옷핀","13,200","6006","중국OEM","디비케이","['블랙', '베이지', '아이보리']","['023', '023003']","['테마상품', '합성피혁']","http://1020bag.com/data/goods/19/09/17/6006/6006_Detail0.jpg"
"http://1020bag.com/goods/goods_view.php?goodsNo=6003","DKES_60655 크로스백","10,450","6003","중국OEM","ESCARIAR","['블랙', '네이비', '브라운', '와인', '레드']","['003', '003004']","['여성', '미니백']","http://1020bag.com/data/goods/19/09/09/6003/modify_detail_074.jpg"
"http://1020bag.com/goods/goods_view.php?goodsNo=6002","DKES_60657 크로스백","10,450","6002","중국OEM","ESCARIAR","['블랙', '네이비', '브라운', '와인', '레드']","['003', '003004']","['여성', '미니백']","http://1020bag.com/data/goods/19/09/06/6002/modify_detail_065.jpg"
"http://1020bag.com/goods/goods_view.php?goodsNo=6001","DKES_602010 크로스백","8,800","6001","중국OEM","ESCARIAR","['블랙', '네이비', '브라운', '레드', '와인']","['003', '003004']","['여성', '미니백']","http://1020bag.com/data/goods/19/09/06/6001/modify_detail_056.jpg"
"http://1020bag.com/goods/goods_view.php?goodsNo=5999","BM_T3309 백팩","11,000","5999","ASIACHINA","BM상사","['블랙', '네이비', '그레이', '레드']","['001']","['전체상품보기']","http://1020bag.com/data/goods/19/09/06/5999/5999_Detail0.jpg"
"http://1020bag.com/goods/goods_view.php?goodsNo=5998","BM_884 가죽슬링백","16,500","5998","ASIACHINA","BM상사","['브라운']","['023', '023002']","['테마상품', '천연가죽']","http://1020bag.com/data/goods/19/09/06/5998/5998_Detail0.jpg"
"http://1020bag.com/goods/goods_view.php?goodsNo=5997","BM_889 가죽슬링백","16,500","5997","ASIACHINA","BM상사","['브라운']","['023', '023002']","['테마상품', '천연가죽']","http://1020bag.com/data/goods/19/09/06/5997/5997_Detail0.jpg"
"http://1020bag.com/goods/goods_view.php?goodsNo=5996","DKES_LM810 가죽크로스백","7,700","5996","중국OEM","ESCARIAR","['블랙', '컬러']","['003', '003003']","['여성', '클러치백']","http://1020bag.com/data/goods/19/09/06/5996/modify_detail_034.jpg"
"http://1020bag.com/goods/goods_view.php?goodsNo=5995","DKES_LM811 가죽크로스백","7,700","5995","중국OEM","ESCARIAR","['블랙', '컬러']","['003', '003003']","['여성', '클러치백']","http://1020bag.com/data/goods/19/09/06/5995/modify_detail_074.jpg"
"http://1020bag.com/goods/goods_view.php?goodsNo=5994","DKES_LM812 가죽크로스백","7,700","5994","중국OEM","ESCARIAR","['블랙', '컬러']","['003', '003003']","['여성', '클러치백']","http://1020bag.com/data/goods/19/09/06/5994/modify_detail_036.jpg"
"http://1020bag.com/goods/goods_view.php?goodsNo=5993","DKES_LM813 가죽크로스백","7,700","5993","중국OEM","ESCARIAR","['블랙', '컬러']","['003', '003003']","['여성', '클러치백']","http://1020bag.com/data/goods/19/09/06/5993/modify_detail_098.jpg"
"http://1020bag.com/goods/goods_view.php?goodsNo=5992","DKES_LM814 가죽크로스백","7,700","5992","중국OEM","ESCARIAR","['블랙', '컬러']","['003', '003003']","['여성', '클러치백']","http://1020bag.com/data/goods/19/09/06/5992/modify_detail_024.jpg"
"http://1020bag.com/goods/goods_view.php?goodsNo=5991","DKES_LM815 가죽크로스백","7,700","5991","중국OEM","ESCARIAR","['블랙', '컬러']","['003', '003003']","['여성', '클러치백']","http://1020bag.com/data/goods/19/09/06/5991/modify_detail_041.jpg"
"http://1020bag.com/goods/goods_view.php?goodsNo=5990","BM_XY1837_42 지갑","4,950","5990","중국OEM","ESCARIAR","['01_반지갑_블랙', '01_반지갑_브라운', '02_중지갑_블랙', '02_중지갑_브라운']","['021', '021004']","['지갑/벨트', '중지갑']","http://1020bag.com/data/goods/19/09/06/5990/5990_detail_027.jpg"
"http://1020bag.com/goods/goods_view.php?goodsNo=5989","BM_DG211 지퍼중지갑","4,950","5989","중국OEM","ESCARIAR","['블랙', '다크브라운', '라이트브라운']","['021', '021004']","['지갑/벨트', '중지갑']","http://1020bag.com/data/goods/19/09/06/5989/5989_detail_061.jpg"
"http://1020bag.com/goods/goods_view.php?goodsNo=5988","BM_F0610 머니클럽","8,250","5988","ASIACHINA","BM상사","['블랙', '네이비', '그레이', '다크브라운', '라이트브라운']","['001']","['전체상품보기']","http://1020bag.com/data/goods/19/09/06/5988/5988_Detail0.jpg"
"http://1020bag.com/goods/goods_view.php?goodsNo=5987","BM_F9050 여권지갑","6,600","5987","중국OEM","BM상사","['블랙', '네이비', '레드', '다크브라운', '라이트브라운']","['001']","['전체상품보기']","http://1020bag.com/data/goods/19/09/06/5987/5987_Detail0.jpg"
"http://1020bag.com/goods/goods_view.php?goodsNo=5986","BM_F0680 카드장지갑","11,000","5986","ASIACHINA","BM상사","['블랙', '네이비', '레드', '다크브라운', '라이트브라운']","['001']","['전체상품보기']","http://1020bag.com/data/goods/19/09/06/5986/5986_Detail0.jpg"
"http://1020bag.com/goods/goods_view.php?goodsNo=5984","URB_꽃덮개","8,800","5984","ASIACHINA","어반브로스","['블랙', '아이보리']","['001']","['전체상품보기']","http://1020bag.com/data/goods/19/09/03/5984/5984_Detail0.jpg"
"http://1020bag.com/goods/goods_view.php?goodsNo=5983","URB_엘모백팩","13,200","5983","ASIACHINA","어반브로스","['블랙--7개남음/일시품절/재입고미정', '옐로우--8개남음/일시품절/재입고미정', '화이트']","['023', '023001']","['테마상품', '패브릭/캔버스']","http://1020bag.com/data/goods/19/09/03/5983/5983_Detail0.jpg"
"http://1020bag.com/goods/goods_view.php?goodsNo=5981","YB_330 힙색","4,950","5981","ASIACHINA","YB코리아","['블랙', '네이비', '브라운', '그레이', '레드']","['001']","['전체상품보기']","http://1020bag.com/data/goods/19/08/30/5981/5981_Detail0.jpg"
"http://1020bag.com/goods/goods_view.php?goodsNo=5980","YB_331 힙색","4,950","5980","ASIACHINA","YB코리아","['블랙', '네이비', '브라운', '그레이', '레드']","['001']","['전체상품보기']","http://1020bag.com/data/goods/19/08/30/5980/5980_Detail0.jpg"
"http://1020bag.com/goods/goods_view.php?goodsNo=5979","URB_라이브 백팩","15,400","5979","ASIACHINA","어반브로스","['블랙', '네이비', '그린', '핑크']","['001']","['전체상품보기']","http://1020bag.com/data/goods/19/08/27/5979/5979_Detail0.jpg"
"http://1020bag.com/goods/goods_view.php?goodsNo=5978","URB_누비 컬러끈","13,200","5978","ASIACHINA","어반브로스","['블랙--1개남음/일시품절/재입고미정', '아이보리--3개남음/일시품절/재입고미정']","['023', '023003']","['테마상품', '합성피혁']","http://1020bag.com/data/goods/19/08/27/5978/5978_Detail0.jpg"
"http://1020bag.com/goods/goods_view.php?goodsNo=5977","URB_3302 백팩","22,000","5977","ASIACHINA","어반브로스","['블랙/일시품절/재입고미정[일시품절]', '그레이']","['002004']","['URBAN BROS 어반브로스']","http://1020bag.com/data/goods/19/08/26/5977/5977_Detail0.jpg"
"http://1020bag.com/goods/goods_view.php?goodsNo=5976","URB_워싱백팩","15,400","5976","ASIACHINA","어반브로스","['블랙', '아이보리', '블루--2개남음/일시품절/재입고미정']","['023', '023001']","['테마상품', '패브릭/캔버스']","http://1020bag.com/data/goods/19/08/22/5976/5976_Detail0.jpg"
"http://1020bag.com/goods/goods_view.php?goodsNo=5975","URB_sp002 (소)소가죽","20,900","5975","ASIACHINA","어반브로스","['블랙', '블루', '레드']","['023', '023002']","['테마상품', '천연가죽']","http://1020bag.com/data/goods/19/08/19/5975/5975_Detail0.jpg"
"http://1020bag.com/goods/goods_view.php?goodsNo=5973","URB_직기스마일","11,000","5973","ASIACHINA","어반브로스","['블랙품절/재입고없음[품절]', '아이보리--2개남음/품절예정/재입고없음:2개남음', '옐로우/품절예정/재입고없음[품절]', '브라운/품절/재입고없음[품절]', '그린--3개남음/품절예정/재입고없음:3개남음']","['023', '023001']","['테마상품', '패브릭/캔버스']","http://1020bag.com/data/goods/19/08/19/5973/5973_Detail0.jpg"
"http://1020bag.com/goods/goods_view.php?goodsNo=5971","URB_숫자","11,000","5971","ASIACHINA","어반브로스","['블랙', '그린']","['023', '023001']","['테마상품', '패브릭/캔버스']","http://1020bag.com/data/goods/19/08/19/5971/5971_Detail0.jpg"
"http://1020bag.com/goods/goods_view.php?goodsNo=5969","TRD_SU3701 보스턴 백팩","8,800","5969","ASIACHINA","지앤비","['블랙', '네이비', '레드', '아이보리']","['001']","['전체상품보기']","http://1020bag.com/data/goods/19/08/16/5969/5969_Detail0.jpg"
"http://1020bag.com/goods/goods_view.php?goodsNo=5968","TRD_SU3692 슬링백","7,700","5968","ASIACHINA","지앤비","['블랙', '네이비', '레드', '아이보리']","['001']","['전체상품보기']","http://1020bag.com/data/goods/19/08/16/5968/5968_Detail0.jpg"
"http://1020bag.com/goods/goods_view.php?goodsNo=5967","TRD_SU3700 백팩","8,800","5967","ASIACHINA","지앤비","['블랙', '네이비', '핑크', '옐로우', '레드']","['001']","['전체상품보기']","http://1020bag.com/data/goods/19/08/16/5967/5967_Detail0.jpg"
"http://1020bag.com/goods/goods_view.php?goodsNo=5966","TRD_CA440(대) 바퀴보스턴백/배송비별도","26,400","5966","ASIACHINA","지앤비","['대-블랙/일시품절/재입고미정[품절]', '대-브라운/일시품절/재입고미정[품절]']","['001']","['전체상품보기']","http://1020bag.com/data/goods/19/08/16/5966/5966_Detail0.jpg"
"http://1020bag.com/goods/goods_view.php?goodsNo=5965","TRD_CA440(소) 바퀴보스턴백/배송비별도","25,300","5965","ASIACHINA","지앤비","['소-블랙/일시품절/재입고미정[품절]', '소-브라운/일시품절/재입고미정[품절]']","['001']","['전체상품보기']","http://1020bag.com/data/goods/19/08/16/5965/5965_Detail0.jpg"
"http://1020bag.com/goods/goods_view.php?goodsNo=5963","URB_트윌웨빙","13,200","5963","ASIACHINA","어반브로스","['블랙--2개남음/일시품절/재입고미정']","['003', '003007']","['여성', '숄더/쇼퍼백']","http://1020bag.com/data/goods/19/08/16/5963/5963_Detail0.jpg"
"http://1020bag.com/goods/goods_view.php?goodsNo=5962","DKES_8018_1 반지갑","8,800","5962","ASIACHINA","디비케이","['블랙', '네이비', '브라운']","['021', '021005']","['지갑/벨트', '반지갑']","http://1020bag.com/data/goods/19/08/14/5962/5962_Detail0.jpg"
"http://1020bag.com/goods/goods_view.php?goodsNo=5961","DKES_8018_2 중지갑","8,800","5961","ASIACHINA","디비케이","['블랙', '네이비', '브라운']","['023', '023003']","['테마상품', '합성피혁']","http://1020bag.com/data/goods/19/08/14/5961/5961_Detail0.jpg"
"http://1020bag.com/goods/goods_view.php?goodsNo=5960","DKES_8018_4 미니반지갑","8,250","5960","ASIACHINA","디비케이","['블랙', '네이비', '브라운']","['023', '023003']","['테마상품', '합성피혁']","http://1020bag.com/data/goods/19/08/14/5960/5960_Detail0.jpg"
"http://1020bag.com/goods/goods_view.php?goodsNo=5959","DKES_8018_5 미니중지갑","8,250","5959","ASIACHINA","디비케이","['블랙', '네이비--1개남음/일시품절/재입고미정', '브라운--1개남음/일시품절/재입고미정']","['023', '023003']","['테마상품', '합성피혁']","http://1020bag.com/data/goods/19/08/14/5959/5959_Detail0.jpg"
"http://1020bag.com/goods/goods_view.php?goodsNo=5954","URB_하트두칸","14,300","5954","ASIACHINA","어반브로스","['블랙/일시품절/3월중입고예정[일시품절]', '아이보리/일시품절/3월중입고예정[일시품절]', '핑크/일시품절/3월중입고예정[일시품절]']","['023', '023003']","['테마상품', '합성피혁']","http://1020bag.com/data/goods/19/08/14/5954/5954_Detail0.jpg"
"http://1020bag.com/goods/goods_view.php?goodsNo=5953","URB_3단손잡이","16,500","5953","ASIACHINA","어반브로스","['블랙/일시품절/2월말입고예정[일시품절]', '아이보리']","['023', '023003']","['테마상품', '합성피혁']","http://1020bag.com/data/goods/19/08/14/5953/5953_Detail0.jpg"
"http://1020bag.com/goods/goods_view.php?goodsNo=5952","URB_누비크로스","11,000","5952","ASIACHINA","어반브로스","['블랙--2개남음/일시품절/재입고미정', '아이보리']","['023', '023003']","['테마상품', '합성피혁']","http://1020bag.com/data/goods/19/08/14/5952/5952_Detail0.jpg"
"http://1020bag.com/goods/goods_view.php?goodsNo=5951","DKES_0011 힙색","6,600","5951","ASIACHINA","디비케이","['블랙', '네이비', '그레이', '레드/일시품절/재입고미정[품절]', '퍼플/품절/재입고미정[품절]', '그린']","['006', '006005']","['캐주얼', '힙색/슬링백']","http://1020bag.com/data/goods/19/08/07/5951/5951_Detail0.jpg"
"http://1020bag.com/goods/goods_view.php?goodsNo=5950","DKES_0013 힙색","6,600","5950","ASIACHINA","디비케이","['블랙', '네이비', '레드', '그레이', '퍼플/품절/재입고미정[품절]', '그린']","['001']","['전체상품보기']","http://1020bag.com/data/goods/19/08/07/5950/5950_Detail0.jpg"
"http://1020bag.com/goods/goods_view.php?goodsNo=5949","DKES_1037 에코크로스백","8,250","5949","ASIACHINA","디비케이","['블랙플라워', '블루나뭇잎', '퍼플도트', '레드장미', '레드사선']","['001']","['전체상품보기']","http://1020bag.com/data/goods/19/08/07/5949/5949_Detail0.jpg"
"http://1020bag.com/goods/goods_view.php?goodsNo=5948","DKES_0868 크로스백","9,900","5948","ASIACHINA","디비케이","['블랙다이아몬드', '네이비알파벳', '퍼플도트', '레드장미']","['001']","['전체상품보기']","http://1020bag.com/data/goods/19/08/07/5948/5948_Detail0.jpg"
"http://1020bag.com/goods/goods_view.php?goodsNo=5947","DKES_9001 크로스백","8,800","5947","ASIACHINA","디비케이","['네이비알파벳', '블루나뭇잎', '퍼플도트', '핑크플라워', '레드사선']","['003', '003010']","['여성', '여성크로스백']","http://1020bag.com/data/goods/19/08/07/5947/5947_Detail0.jpg"
"http://1020bag.com/goods/goods_view.php?goodsNo=5946","DKES_716 크로스백","12,100","5946","ASIACHINA","디비케이","['블랙다이아몬드', '블랙육각', '블루나뭇잎', '퍼플도트']","['001']","['전체상품보기']","http://1020bag.com/data/goods/19/08/07/5946/5946_Detail0.jpg"
"http://1020bag.com/goods/goods_view.php?goodsNo=5945","GE_6915 카메라백팩","50,600","5945","ASIACHINA","제노바","['블랙', '그레이']","['001']","['전체상품보기']","http://1020bag.com/data/goods/19/08/05/5945/5945_Detail0.jpg"
"http://1020bag.com/goods/goods_view.php?goodsNo=5944","GE_6929 잠금백팩","35,200","5944","ASIACHINA","제노바","['블랙', '그레이']","['001']","['전체상품보기']","http://1020bag.com/data/goods/19/08/05/5944/5944_Detail0.jpg"
"http://1020bag.com/goods/goods_view.php?goodsNo=5943","GE_6930 확장백팩","36,300","5943","ASIACHINA","제노바","['블랙', '그레이']","['001']","['전체상품보기']","http://1020bag.com/data/goods/19/08/05/5943/5943_Detail0.jpg"
"http://1020bag.com/goods/goods_view.php?goodsNo=5942","GE_6931 백팩/가격인하(2/7)","22,000","5942","ASIACHINA","제노바","['블랙', '그레이']","['001']","['전체상품보기']","http://1020bag.com/data/goods/19/08/05/5942/5942_Detail0.jpg"
"http://1020bag.com/goods/goods_view.php?goodsNo=5941","GE_2514_등산가방 23L","30,800","5941","ASIACHINA","제노바","['블랙--1개남음/일시품절/재입고미정', '카키', '오렌지', '블루', '레드']","['001']","['전체상품보기']","http://1020bag.com/data/goods/19/08/05/5941/5941_Detail0.jpg"
"http://1020bag.com/goods/goods_view.php?goodsNo=5940","YB_502 힙색","6,600","5940","ASIACHINA","YB코리아","['블랙', '다크브라운', '라이트브라운--3개남음/일시품절/재입고미정']","['001']","['전체상품보기']","http://1020bag.com/data/goods/19/08/02/5940/5940_Detail0.jpg"
"http://1020bag.com/goods/goods_view.php?goodsNo=5939","YB_8809 미니크로스백","7,700","5939","ASIACHINA","YB코리아","['블랙', '네이비', '레드--1개남음/일시품절/재입고미정']","['001']","['전체상품보기']","http://1020bag.com/data/goods/19/08/02/5939/5939_Detail0.jpg"
"http://1020bag.com/goods/goods_view.php?goodsNo=5938","YB_18611 크로스백","7,700","5938","ASIACHINA","YB코리아","['블랙', '네이비', '레드']","['001']","['전체상품보기']","http://1020bag.com/data/goods/19/08/02/5938/5938_Detail0.jpg"
"http://1020bag.com/goods/goods_view.php?goodsNo=5937","BM_KB005 카드목걸이","6,600","5937","ASIACHINA","BM상사","['블랙', '네이비(블루)', '브라운/일시품절/재입고미정[일시품절]', '레드', '핑크', '옐로우', '오렌지', '민트']","['023', '023003']","['테마상품', '합성피혁']","http://1020bag.com/data/goods/19/08/02/5937/5937_Detail0.jpg"
"http://1020bag.com/goods/goods_view.php?goodsNo=5936","OP_M1973 토드백","9,900","5936","DOMESTIC","올리비아팝","['블랙', '아이보리', '베이지', '머스타드', '그레이', '다크핑크']","['001']","['전체상품보기']","http://1020bag.com/data/goods/19/08/02/5936/5936_Detail0.jpg"
"http://1020bag.com/goods/goods_view.php?goodsNo=5935","OP_M1969 숄더백","9,900","5935","DOMESTIC","올리비아팝","['블랙', '아이보리', '베이지', '머스타드', '그레이', '다크핑크', '카키']","['001']","['전체상품보기']","http://1020bag.com/data/goods/19/08/02/5935/5935_Detail0.jpg"
"http://1020bag.com/goods/goods_view.php?goodsNo=5934","OP_M1970 여성핸드백","9,900","5934","DOMESTIC","올리비아팝","['블랙', '아이보리', '베이지', '옐로우', '다크핑크', '그린', '레드']","['001']","['전체상품보기']","http://1020bag.com/data/goods/19/08/02/5934/5934_Detail0.jpg"
"http://1020bag.com/goods/goods_view.php?goodsNo=5933","URB_워싱백","13,200","5933","ASIACHINA","어반브로스","['블랙--3개남음/일시품절/재입고미정', '아이보리']","['023', '023001']","['테마상품', '패브릭/캔버스']","http://1020bag.com/data/goods/19/07/31/5933/5933_Detail0.jpg"
"http://1020bag.com/goods/goods_view.php?goodsNo=5931","URB_8815 면원통","12,100","5931","ASIACHINA","어반브로스","['블랙--1개남음/일시품절/재입고미정', '아이보리', '그린/품절/재입고없음[품절]']","['023', '023001']","['테마상품', '패브릭/캔버스']","http://1020bag.com/data/goods/19/07/31/5931/5931_Detail0.jpg"
"http://1020bag.com/goods/goods_view.php?goodsNo=5930","URB_s001 백팩","15,400","5930","ASIACHINA","어반브로스","['블랙', '핑크/일시품절/재입고미정[일시품절]', '퍼플--2개남음/일시품절/재입고미정[일시품절]', '그레이']","['001']","['전체상품보기']","http://1020bag.com/data/goods/19/07/31/5930/5930_Detail0.jpg"
"http://1020bag.com/goods/goods_view.php?goodsNo=5929","URB_워싱투포켓 백팩","15,400","5929","ASIACHINA","어반브로스","['연청', '진청']","['001']","['전체상품보기']","http://1020bag.com/data/goods/19/07/31/5929/5929_Detail0.jpg"
"http://1020bag.com/goods/goods_view.php?goodsNo=5928","URB_130 직기외줄","13,200","5928","ASIACHINA","어반브로스","['아이보리--1개남음/일시품절/재입고미정', '브라운/일시품절/재입고미정[품절]', '그린/일시품절/재입고미정[품절]', '옐로우/일시품절/재입고미정[품절]']","['001']","['전체상품보기']","http://1020bag.com/data/goods/19/07/30/5928/5928_Detail0.jpg"
"http://1020bag.com/goods/goods_view.php?goodsNo=5926","URB_미니어쳐크로스","8,800","5926","ASIACHINA","어반브로스","['블랙무한', '아이보리--2개남음/일시품절/재입고미정[품절]']","['023', '023001']","['테마상품', '패브릭/캔버스']","http://1020bag.com/data/goods/19/07/30/5926/5926_Detail0.jpg"
"http://1020bag.com/goods/goods_view.php?goodsNo=5925","URB_코튼 8포켓","13,200","5925","ASIACHINA","어반브로스","['블랙', '아이보리']","['023', '023001']","['테마상품', '패브릭/캔버스']","http://1020bag.com/data/goods/19/07/30/5925/5925_Detail0.jpg"
"http://1020bag.com/goods/goods_view.php?goodsNo=5924","URB_sp001 (대)소가죽","20,900","5924","ASIACHINA","어반브로스","['블랙', '레드']","['023', '023002']","['테마상품', '천연가죽']","http://1020bag.com/data/goods/19/07/30/5924/5924_Detail0.jpg"
"http://1020bag.com/goods/goods_view.php?goodsNo=5918","DF_225 백팩","37,400","5918","ASIACHINA","딕피스트","['블랙', '그레이', '네이비']","['001']","['전체상품보기']","http://1020bag.com/data/goods/19/07/25/5918/5918_Detail0.jpg"
"http://1020bag.com/goods/goods_view.php?goodsNo=5917","DF_942 토드백","12,100","5917","ASIACHINA","딕피스트","['블랙', '그레이--1개남음/일시품절/재입고미정', '화이트']","['001']","['전체상품보기']","http://1020bag.com/data/goods/19/07/25/5917/5917_Detail0.jpg"
"http://1020bag.com/goods/goods_view.php?goodsNo=5916","DF_946 힙색","11,000","5916","ASIACHINA","딕피스트","['블랙', '네이비', '화이트', '레드', '스카이블루']","['001']","['전체상품보기']","http://1020bag.com/data/goods/19/07/25/5916/5916_Detail0.jpg"
"http://1020bag.com/goods/goods_view.php?goodsNo=5915","DF_945 슬링백","11,000","5915","ASIACHINA","딕피스트","['블랙', '그레이', '화이트']","['001']","['전체상품보기']","http://1020bag.com/data/goods/19/07/25/5915/5915_Detail0.jpg"
"http://1020bag.com/goods/goods_view.php?goodsNo=5914","DF_943 보스턴백","36,300","5914","ASIACHINA","딕피스트","['블랙', '화이트']","['001']","['전체상품보기']","http://1020bag.com/data/goods/19/07/25/5914/5914_Detail0.jpg"
"http://1020bag.com/goods/goods_view.php?goodsNo=5913","OZK_109228 백팩","28,600","5913","ASIACHINA","오주코","['다크그레이(블랙)', '라이트그레이(그레이)', '카모--2개남음/일시품절/재입고미정:2개남음']","['001']","['전체상품보기']","http://1020bag.com/data/goods/19/07/25/5913/5913_Detail0.jpg"
"http://1020bag.com/goods/goods_view.php?goodsNo=5912","OZK_209231 슬링백","15,400","5912","ASIACHINA","오주코","['블랙', '네이비', '그레이', '카모']","['001']","['전체상품보기']","http://1020bag.com/data/goods/19/07/25/5912/5912_Detail0.jpg"
"http://1020bag.com/goods/goods_view.php?goodsNo=5911","OZK_209240 슬링백","18,600","5911","ASIACHINA","오주코","['다크그레이(블랙)', '라이트그레이(그레이)', '카모']","['001']","['전체상품보기']","http://1020bag.com/data/goods/19/07/25/5911/5911_Detail0.jpg"
"http://1020bag.com/goods/goods_view.php?goodsNo=5910","URB_노트북 파우치서류","14,300","5910","ASIACHINA","어반브로스","['블랙', '그레이']","['001']","['전체상품보기']","http://1020bag.com/data/goods/19/07/23/5910/5910_Detail0.jpg"
"http://1020bag.com/goods/goods_view.php?goodsNo=5909","URB_1135 누비+파우치","15,400","5909","ASIACHINA","어반브로스","['블랙/일시품절/재입고미정[일시품절]', '베이지', '화이트--2개남음/일시품절/재입고미정']","['023', '023003']","['테마상품', '합성피혁']","http://1020bag.com/data/goods/19/07/23/5909/5909_Detail0.jpg"
"http://1020bag.com/goods/goods_view.php?goodsNo=5908","URB_국기","8,800","5908","ASIACHINA","어반브로스","['영국/일시품절/재입고미정[일시품절]', '미국']","['003', '003003']","['여성', '클러치백']","http://1020bag.com/data/goods/19/07/23/5908/5908_Detail0.jpg"
"http://1020bag.com/goods/goods_view.php?goodsNo=5907","BM_KB002_7 카드목걸이","5,500","5907","ASIACHINA","BM상사","['블랙/일시품절/재입고미정[일시품절]', '네이비(블루)', '브라운', '레드', '핑크']","['001']","['전체상품보기']","http://1020bag.com/data/goods/19/07/17/5907/5907_Detail0.jpg"
"http://1020bag.com/goods/goods_view.php?goodsNo=5906","BM_KB007_7 카드목걸이","8,800","5906","ASIACHINA","BM상사","['블랙', '네이비(블루)/일시품절/재입고미정[일시품절]', '브라운', '레드', '핑크']","['001']","['전체상품보기']","http://1020bag.com/data/goods/19/07/17/5906/5906_Detail0.jpg"
"http://1020bag.com/goods/goods_view.php?goodsNo=5905","BM_KB007 카드목걸이","6,600","5905","ASIACHINA","BM상사","['블랙', '네이비(블루)/일시품절/재입고미정[일시품절]', '브라운', '레드', '핑크--1개남음/일시품절/재입고미정', '옐로우', '오렌지--1개남음/일시품절/재입고미정']","['001']","['전체상품보기']","http://1020bag.com/data/goods/19/07/17/5905/5905_Detail0.jpg"
"http://1020bag.com/goods/goods_view.php?goodsNo=5904","DKES_065_1 소가죽키홀더","6,600","5904","ASIACHINA","디비케이","['블랙', '라이트브라운', '다크브라운', '네이비', '레드']","['023', '023002']","['테마상품', '천연가죽']","http://1020bag.com/data/goods/19/07/17/5904/5904_Detail0.jpg"
"http://1020bag.com/goods/goods_view.php?goodsNo=5903","DKES_065_2 소가죽키홀더","6,600","5903","ASIACHINA","디비케이","['블랙', '라이트브라운', '다크브라운', '네이비', '레드']","['023', '023002']","['테마상품', '천연가죽']","http://1020bag.com/data/goods/19/07/17/5903/5903_Detail0.jpg"
"http://1020bag.com/goods/goods_view.php?goodsNo=5902","DKES_065_3 소가죽키홀더","6,600","5902","ASIACHINA","디비케이","['블랙/일시품절/재입고미정[일시품절]', '라이트브라운', '다크브라운--1개남음/일시품절/재입고미정', '네이비', '레드/일시품절/재입고미정[일시품절]']","['023', '023002']","['테마상품', '천연가죽']","http://1020bag.com/data/goods/19/07/17/5902/5902_Detail0.jpg"
"http://1020bag.com/goods/goods_view.php?goodsNo=5901","DKES_065_4 소가죽 카드지갑","7,700","5901","ASIACHINA","디비케이","['블랙', '라이트브라운', '다크브라운', '네이비', '레드/일시품절/재입고미정[일시품절]']","['023', '023002']","['테마상품', '천연가죽']","http://1020bag.com/data/goods/19/07/17/5901/5901_Detail0.jpg"
"http://1020bag.com/goods/goods_view.php?goodsNo=5900","DKES_67307 크로스백","9,900","5900","ASIACHINA","디비케이","['블랙', '그레이', '네이비', '퍼플', '레드']","['001']","['전체상품보기']","http://1020bag.com/data/goods/19/07/17/5900/5900_Detail0.jpg"
"http://1020bag.com/goods/goods_view.php?goodsNo=5899","DKES_67308 크로스백","8,800","5899","ASIACHINA","디비케이","['블랙', '그레이', '네이비', '퍼플', '레드']","['003', '003010']","['여성', '여성크로스백']","http://1020bag.com/data/goods/19/07/17/5899/5899_Detail0.jpg"
"http://1020bag.com/goods/goods_view.php?goodsNo=5898","GE_6914 백팩","42,900","5898","ASIACHINA","제노바","['블랙', '그레이']","['001']","['전체상품보기']","http://1020bag.com/data/goods/19/07/16/5898/5898_Detail0.jpg"
"http://1020bag.com/goods/goods_view.php?goodsNo=5897","GE_6913 대용량백팩","53,900","5897","ASIACHINA","제노바","['블랙', '그레이']","['001']","['전체상품보기']","http://1020bag.com/data/goods/19/07/16/5897/5897_Detail0.jpg"
"http://1020bag.com/goods/goods_view.php?goodsNo=5896","BM_8059_2 가죽클러치백","17,600","5896","ASIACHINA","BM상사","['블랙']","['023', '023002']","['테마상품', '천연가죽']","http://1020bag.com/data/goods/19/07/11/5896/5896_Detail0.jpg"
"http://1020bag.com/goods/goods_view.php?goodsNo=5895","BM_3011 가죽서류가방","58,300","5895","ASIACHINA","BM상사","['블랙', '브라운']","['023', '023002']","['테마상품', '천연가죽']","http://1020bag.com/data/goods/19/07/11/5895/5895_Detail0.jpg"
"http://1020bag.com/goods/goods_view.php?goodsNo=5894","BM_3236 라이딩백","36,300","5894","ASIACHINA","BM상사","['브라운']","['001']","['전체상품보기']","http://1020bag.com/data/goods/19/07/11/5894/5894_Detail0.jpg"
"http://1020bag.com/goods/goods_view.php?goodsNo=5893","BM_7108 가죽크로스백","24,200","5893","ASIACHINA","BM상사","['브라운']","['001']","['전체상품보기']","http://1020bag.com/data/goods/19/07/11/5893/5893_Detail0.jpg"
"http://1020bag.com/goods/goods_view.php?goodsNo=5892","YB_8855 가죽크로스백/가격인하(1/8)","15,400","5892","ASIACHINA","YB코리아","['브라운']","['023', '023002']","['테마상품', '천연가죽']","http://1020bag.com/data/goods/19/07/11/5892/5892_Detail0.jpg"
"http://1020bag.com/goods/goods_view.php?goodsNo=5891","YB_313 크로스백","9,350","5891","ASIACHINA","YB코리아","['블랙--4개남음/일시품절/재입고미정', '다크브라운--5개남음/일시품절/재입고미정', '라이트브라운--5개남음/일시품절/재입고미정']","['023', '023003']","['테마상품', '합성피혁']","http://1020bag.com/data/goods/19/07/11/5891/5891_Detail0.jpg"
"http://1020bag.com/goods/goods_view.php?goodsNo=5890","YB_315 크로스백","9,350","5890","ASIACHINA","YB코리아","['블랙--5개남음/일시품절/재입고미정', '다크브라운--5개남음/일시품절/재입고미정', '라이트브라운']","['002015']","['NOM YB코리아']","http://1020bag.com/data/goods/19/07/11/5890/5890_Detail0.jpg"
"http://1020bag.com/goods/goods_view.php?goodsNo=5889","YB_761 가죽 크로스백","12,100","5889","ASIACHINA","YB코리아","['브라운']","['023', '023002']","['테마상품', '천연가죽']","http://1020bag.com/data/goods/19/07/11/5889/5889_Detail0.jpg"
